Network_no	Model_no	func_type	derrida_coeff	net_sen	final_hamming	fragility
0	0	BMR	0.7098214285714286	0.5703125	0.7098214285714286	0.7098214285714286
1	0	BMR	0.3857421875	0.3857421875	0.00048828125	0.00048828125
2	0	BMR	1.08984375	1.08984375	0.8137359619140625	0.8137359619140625
3	0	BMR	0.6328125	0.6328125	0.00048828125	0.00048828125
4	0	BMR	1.021484375	1.021484375	0.4780845642089844	0.4780845642089844
5	0	BMR	1.1635416666666667	1.0673828125	1.270947265625	1.270947265625
6	0	BMR	0.5498046875	0.5498046875	0.001583099365234375	0.001583099365234375
7	0	BMR	1.125	1.125	0.346588134765625	0.346588134765625
8	0	BMR	1.14453125	1.14453125	0.6587600708007812	0.6587600708007812
9	0	BMR	0.7294921875	0.7294921875	0.00150299072265625	0.00150299072265625
10	0	BMR	1.212890625	1.212890625	0.6971549987792969	0.6971549987792969
11	0	BMR	0.89453125	0.89453125	0.4404144287109375	0.4404144287109375
12	0	BMR	1.201171875	1.201171875	1.2321090698242188	1.2274093627929688
13	0	BMR	1.1919642857142858	0.98828125	1.2068324497767857	1.1926722935267857
14	0	BMR	1.1510416666666667	1.1650390625	0.6762939453125	0.6762939453125
15	0	BMR	1.0595703125	1.0595703125	0.6391830444335938	0.6391830444335938
16	0	BMR	0.8541666666666666	0.77734375	0.9316243489583333	0.9316243489583333
17	0	BMR	0.9375	0.77734375	1.1348005022321428	1.1348005022321428
18	0	BMR	0.7265625	0.7265625	0.000888824462890625	0.000888824462890625
19	0	BMR	1.3759765625	1.3759765625	1.2091407775878906	1.2091407775878906
20	0	BMR	0.7767857142857143	0.63671875	0.7600446428571429	0.7600446428571429
21	0	BMR	0.8671875	0.8671875	0.49527740478515625	0.49527740478515625
22	0	BMR	0.828125	0.828125	0.10341644287109375	0.10341644287109375
23	0	BMR	1.2353515625	1.2353515625	1.2339363098144531	1.2339363098144531
24	0	BMR	0.9095982142857143	0.7890625	0.9508231026785714	0.9508231026785714
25	0	BMR	1.2626953125	1.2626953125	1.3543243408203125	1.3543243408203125
26	0	BMR	1.1572265625	1.1572265625	0.6439552307128906	0.6439552307128906
27	0	BMR	1.0	1.0	0.6696853637695312	0.6696853637695312
28	0	BMR	0.6071428571428571	0.40625	0.6071428571428571	0.6071428571428571
29	0	BMR	1.1229166666666666	1.103515625	1.0718058268229167	1.0718058268229167
30	0	BMR	1.125	1.1015625	0.5507283528645833	0.5507283528645833
31	0	BMR	1.205078125	1.205078125	1.344085693359375	1.344085693359375
32	0	BMR	0.8875	0.78515625	0.8760416666666667	0.8760416666666667
33	0	BMR	1.375	1.375	1.4443855285644531	1.4443855285644531
34	0	BMR	1.07421875	1.07421875	0.7319297790527344	0.7319297790527344
35	0	BMR	1.0	0.76171875	0.8846905048076923	0.8846905048076923
36	0	BMR	1.2552083333333333	1.171875	1.0544352213541666	1.0544352213541666
37	0	BMR	1.0810546875	1.0810546875	0.7289047241210938	0.7289047241210938
38	0	BMR	0.921875	0.921875	0.5159454345703125	0.5159454345703125
39	0	BMR	1.2314453125	1.2314453125	1.046417236328125	1.046417236328125
40	0	BMR	0.8465909090909091	0.7041015625	0.8522727272727273	0.8522727272727273
41	0	BMR	0.66015625	0.66015625	0.12542724609375	0.12542724609375
42	0	BMR	0.76171875	0.76171875	0.08361434936523438	0.08361434936523438
43	0	BMR	0.46875	0.4130859375	0.46875	0.46875
44	0	BMR	1.3212890625	1.3212890625	0.5566749572753906	0.5566749572753906
45	0	BMR	1.1634615384615385	0.888671875	1.1647198016826923	1.1647198016826923
46	0	BMR	0.9739583333333334	0.9052734375	0.7331827799479167	0.7331827799479167
47	0	BMR	0.9427083333333334	0.7021484375	0.8671875	0.8671875
48	0	BMR	1.2421875	1.2421875	1.1262092590332031	1.1262092590332031
49	0	BMR	1.171875	1.171875	0.37285614013671875	0.37285614013671875
50	0	BMR	1.07421875	1.07421875	0.9664459228515625	0.9664459228515625
51	0	BMR	1.2416666666666667	1.1484375	0.6836832682291667	0.6836832682291667
52	0	BMR	0.996875	0.8876953125	0.8977213541666667	0.8977213541666667
53	0	BMR	1.2265625	1.2265625	1.3532066345214844	1.3532066345214844
54	0	BMR	1.18359375	1.18359375	0.5151138305664062	0.5151138305664062
55	0	BMR	0.8076923076923077	0.5390625	0.8076923076923077	0.8076923076923077
56	0	BMR	1.1	1.0703125	0.9260009765625	0.9260009765625
57	0	BMR	1.0546875	1.0546875	0.3637123107910156	0.3637123107910156
58	0	BMR	1.3408203125	1.3408203125	1.2711296081542969	1.2711296081542969
59	0	BMR	1.0669642857142858	0.8984375	1.5578264508928572	1.5578264508928572
60	0	BMR	0.8802083333333334	0.59375	0.9033203125	0.9033203125
61	0	BMR	1.1025390625	1.1025390625	0.668365478515625	0.668365478515625
62	0	BMR	0.5810546875	0.5810546875	0.5810546875	0.5810546875
63	0	BMR	0.9821428571428571	0.87109375	0.8515625	0.8515625
64	0	BMR	1.18359375	1.18359375	0.9574546813964844	0.9574546813964844
65	0	BMR	0.7552083333333334	0.484375	0.7552083333333334	0.7552083333333334
66	0	BMR	0.9177083333333333	0.8134765625	0.21539306640625	0.21539306640625
67	0	BMR	1.19140625	1.19140625	1.2571449279785156	1.2571449279785156
68	0	BMR	0.8839285714285714	0.734375	0.8438197544642857	0.8438197544642857
69	0	BMR	1.1291666666666667	1.05078125	1.1351806640625	1.1351806640625
70	0	BMR	0.6372767857142857	0.5498046875	0.6372767857142857	0.6372767857142857
71	0	BMR	0.8525390625	0.8525390625	0.2296905517578125	0.2296905517578125
72	0	BMR	1.3291666666666666	1.25	0.8808837890625	0.8808837890625
73	0	BMR	0.8466796875	0.8466796875	0.4781913757324219	0.4781913757324219
74	0	BMR	1.25	1.25	1.1956405639648438	1.1956405639648438
75	0	BMR	0.96875	0.8515625	0.9553920200892857	0.9553920200892857
76	0	BMR	0.9375	0.9375	0.127655029296875	0.127655029296875
77	0	BMR	0.4794921875	0.4794921875	0.000457763671875	0.000457763671875
78	0	BMR	0.99375	0.91796875	0.9890096028645833	0.9890096028645833
79	0	BMR	0.9453125	0.9453125	0.4170684814453125	0.4170684814453125
80	0	BMR	1.2166666666666666	1.140625	0.94423828125	0.94423828125
81	0	BMR	1.12890625	1.12890625	0.7243843078613281	0.7243843078613281
82	0	BMR	1.015625	1.015625	0.407623291015625	0.407623291015625
83	0	BMR	1.3515625	1.3515625	0.9256744384765625	0.9256744384765625
84	0	BMR	0.591796875	0.591796875	0.00048828125	0.00048828125
85	0	BMR	1.0703125	1.0703125	0.4668693542480469	0.4668693542480469
86	0	BMR	1.125	1.125	1.0852890014648438	1.0852890014648438
87	0	BMR	0.6904296875	0.6904296875	0.7228240966796875	0.7228240966796875
88	0	BMR	1.446875	1.3564453125	1.5109903971354166	1.5109903971354166
89	0	BMR	1.12890625	1.12890625	0.21043777465820312	0.21043777465820312
90	0	BMR	1.0	0.96875	0.9734049479166667	0.9734049479166667
91	0	BMR	0.625	0.625	0.000888824462890625	0.000888824462890625
92	0	BMR	0.8515625	0.8515625	0.3428230285644531	0.3428230285644531
93	0	BMR	1.04296875	1.04296875	0.14745712280273438	0.14745712280273438
94	0	BMR	1.25	1.15625	1.2193318684895833	1.2193318684895833
95	0	BMR	1.171875	1.171875	0.32093048095703125	0.32093048095703125
96	0	BMR	1.3046875	1.3046875	0.6331329345703125	0.6325057983398439
97	0	BMR	1.28125	1.28125	0.7258758544921875	0.7258758544921875
98	0	BMR	0.8625	0.84375	0.8923177083333333	0.8923177083333333
99	0	BMR	1.27734375	1.27734375	1.0612068176269531	1.0612068176269531
100	0	BMR	0.80859375	0.80859375	0.09492874145507812	0.09492874145507812
101	0	BMR	1.25	1.25	1.1624641418457031	1.1624641418457031
102	0	BMR	1.115234375	1.115234375	1.1784744262695312	1.1784744262695312
103	0	BMR	1.1	1.0673828125	1.05166015625	1.05166015625
104	0	BMR	0.8990384615384616	0.6435546875	0.9273587740384616	0.9273587740384616
105	0	BMR	1.1458333333333333	1.05859375	0.7472737630208334	0.7472737630208334
106	0	BMR	1.1458333333333333	1.08984375	1.09970703125	1.09970703125
107	0	BMR	1.19375	1.181640625	0.9951904296875	0.9951904296875
108	0	BMR	1.53125	1.53125	1.4543266296386719	1.4543266296386719
109	0	BMR	1.1346153846153846	0.953125	1.1612267127403846	1.1612267127403846
110	0	BMR	1.3125	1.3125	1.1137924194335938	1.1137924194335938
111	0	BMR	1.3208333333333333	1.21875	1.38851318359375	1.38851318359375
112	0	BMR	1.1015625	1.1015625	1.2126541137695312	1.2126541137695312
113	0	BMR	0.5576171875	0.5576171875	0.00048828125	0.00048828125
114	0	BMR	1.0478515625	1.0478515625	0.44251251220703125	0.44251251220703125
115	0	BMR	0.7307692307692307	0.517578125	0.6986177884615384	0.6986177884615384
116	0	BMR	1.3583333333333334	1.314453125	0.91058349609375	0.91058349609375
117	0	BMR	0.9010416666666666	0.48046875	0.9010416666666666	0.9010416666666666
118	0	BMR	0.94921875	0.94921875	0.011829376220703125	0.011829376220703125
119	0	BMR	1.05859375	1.05859375	1.0295867919921875	1.0295867919921875
120	0	BMR	0.9609375	0.9609375	0.5464897155761719	0.5464897155761719
121	0	BMR	1.0223214285714286	0.92578125	0.7659040178571429	0.7659040178571429
122	0	BMR	1.4520089285714286	1.30859375	1.5001569475446428	1.5001569475446428
123	0	BMR	1.15625	1.15625	0.9037437438964844	0.9037437438964844
124	0	BMR	0.9875	0.93359375	0.9620279947916667	0.9620279947916667
125	0	BMR	0.857421875	0.857421875	0.13021469116210938	0.13021469116210938
126	0	BMR	0.734375	0.734375	0.7936248779296875	0.7936248779296875
127	0	BMR	1.1541666666666666	1.04296875	1.0606770833333334	1.0606770833333334
128	0	BMR	1.06640625	1.06640625	0.5060806274414062	0.5060806274414062
129	0	BMR	1.0205078125	1.0205078125	0.2829856872558594	0.2829856872558594
130	0	BMR	1.15625	1.15625	0.6953620910644531	0.6953620910644531
131	0	BMR	0.9296875	0.9296875	0.2730293273925781	0.2730293273925781
132	0	BMR	1.3984375	1.3984375	1.3908576965332031	1.3908576965332031
133	0	BMR	1.1238839285714286	0.9794921875	0.8844168526785714	0.8844168526785714
134	0	BMR	1.12890625	1.12890625	0.6454086303710938	0.6454086303710938
135	0	BMR	1.0791666666666666	1.0048828125	0.61434326171875	0.61434326171875
136	0	BMR	0.66796875	0.66796875	0.10086822509765625	0.10086822509765625
137	0	BMR	0.859375	0.859375	0.06389617919921875	0.06389617919921875
138	0	BMR	1.2109375	1.2109375	0.7917900085449219	0.7917900085449219
139	0	BMR	0.71484375	0.71484375	0.28075408935546875	0.28075408935546875
140	0	BMR	1.35546875	1.35546875	1.0140037536621094	1.0140037536621094
141	0	BMR	1.0279017857142858	0.984375	0.9318673270089286	0.9318673270089286
142	0	BMR	0.7375	0.6953125	0.0016560872395833333	0.0016560872395833333
143	0	BMR	1.2135416666666667	1.1259765625	0.8006144205729167	0.8006144205729167
144	0	BMR	0.9958333333333333	1.0	0.61328125	0.61328125
145	0	BMR	1.052734375	1.052734375	0.8496780395507812	0.8496780395507812
146	0	BMR	0.984375	0.9384765625	0.948974609375	0.948974609375
147	0	BMR	0.6333333333333333	0.5380859375	0.6333333333333333	0.6333333333333333
148	0	BMR	1.1689453125	1.1689453125	1.2186241149902344	1.2186241149902344
149	0	BMR	0.8541666666666666	0.83203125	0.7951822916666667	0.7951822916666667
150	0	BMR	1.2509765625	1.2509765625	0.9572982788085938	0.9572982788085938
151	0	BMR	0.9107142857142857	0.7890625	0.9297572544642857	0.9297572544642857
152	0	BMR	1.166015625	1.166015625	1.3654403686523438	1.3654403686523438
153	0	BMR	0.9916666666666667	0.8984375	0.7888712565104167	0.7888712565104167
154	0	BMR	1.1181640625	1.1181640625	0.539703369140625	0.539703369140625
155	0	BMR	1.1071428571428572	1.02734375	0.9073660714285714	0.9073660714285714
156	0	BMR	0.671875	0.671875	0.12577438354492188	0.12577438354492188
157	0	BMR	1.3681640625	1.3681640625	1.5296897888183594	1.5296897888183594
158	0	BMR	0.7734375	0.7734375	0.2900199890136719	0.2900199890136719
159	0	BMR	1.0758928571428572	0.8828125	1.1153913225446428	1.1153913225446428
160	0	BMR	0.642578125	0.642578125	0.00048828125	0.00048828125
161	0	BMR	0.8125	0.8125	0.09647750854492188	0.09647750854492188
162	0	BMR	0.7239583333333334	0.490234375	0.6686197916666666	0.6686197916666666
163	0	BMR	0.595703125	0.595703125	0.00048828125	0.00048828125
164	0	BMR	0.696875	0.6689453125	0.5902994791666667	0.5902994791666667
165	0	BMR	1.1533203125	1.1533203125	1.0312957763671875	1.0312957763671875
166	0	BMR	0.638671875	0.638671875	0.001583099365234375	0.001583099365234375
167	0	BMR	0.8258928571428571	0.65625	0.8685825892857143	0.8685825892857143
168	0	BMR	0.8666666666666667	0.796875	0.5886189778645833	0.5886189778645833
169	0	BMR	0.8359375	0.8359375	0.11028671264648438	0.11028671264648438
170	0	BMR	0.61328125	0.61328125	0.000457763671875	0.000457763671875
171	0	BMR	0.9910714285714286	0.8359375	0.9832589285714286	0.9832589285714286
172	0	BMR	1.3958333333333333	1.29296875	1.5228556315104167	1.5228556315104167
173	0	BMR	1.09765625	1.09765625	0.7791824340820312	0.7791824340820312
174	0	BMR	0.734375	0.4638671875	0.734375	0.734375
175	0	BMR	1.09375	1.09375	1.2126312255859375	1.2126312255859375
176	0	BMR	1.25	1.2431640625	0.8049235026041667	0.8049235026041667
177	0	BMR	0.68359375	0.68359375	0.185791015625	0.185791015625
178	0	BMR	0.9875	0.9453125	0.7118326822916666	0.7118326822916666
179	0	BMR	0.65625	0.65625	0.12542724609375	0.12542724609375
180	0	BMR	1.1541666666666666	1.05859375	1.2267333984375	1.2267333984375
181	0	BMR	1.34765625	1.34765625	1.1933097839355469	1.1933097839355469
182	0	BMR	0.73046875	0.73046875	0.00160980224609375	0.00160980224609375
183	0	BMR	1.27734375	1.27734375	0.8476219177246094	0.8476219177246094
184	0	BMR	1.125	1.125	0.6520652770996094	0.6520652770996094
185	0	BMR	0.9	0.41796875	0.9	0.9
186	0	BMR	0.8616071428571429	0.794921875	0.8047398158482143	0.8047398158482143
187	0	BMR	0.703125	0.703125	0.00048828125	0.00048828125
188	0	BMR	1.1689453125	1.1689453125	0.7082023620605469	0.7082023620605469
189	0	BMR	0.955078125	0.955078125	0.3723564147949219	0.3723564147949219
190	0	BMR	0.6123046875	0.6123046875	0.1620635986328125	0.1620635986328125
191	0	BMR	1.2	1.07421875	0.9019287109375	0.9019287109375
192	0	BMR	0.825	0.7578125	0.6771809895833333	0.6771809895833333
193	0	BMR	0.9427083333333334	0.9541015625	0.857470703125	0.857470703125
194	0	BMR	1.3203125	1.3203125	1.570526123046875	1.570526123046875
195	0	BMR	1.2916666666666667	1.1953125	1.25933837890625	1.25933837890625
196	0	BMR	0.8928571428571429	0.666015625	0.8267647879464286	0.8267647879464286
197	0	BMR	1.24609375	1.24609375	0.9346427917480469	0.9346427917480469
198	0	BMR	1.0146484375	1.0146484375	0.97467041015625	0.97467041015625
199	0	BMR	0.6201171875	0.6201171875	0.06397628784179688	0.06397628784179688
200	0	BMR	1.1916666666666667	1.1484375	1.1059895833333333	1.1059895833333333
201	0	BMR	0.5546875	0.5546875	0.000888824462890625	0.000888824462890625
202	0	BMR	1.25390625	1.25390625	1.0171012878417969	1.0171012878417969
203	0	BMR	0.8984375	0.8984375	1.012664794921875	1.012664794921875
204	0	BMR	1.0791015625	1.0791015625	0.4428977966308594	0.4428977966308594
205	0	BMR	1.3136160714285714	1.2158203125	1.1280866350446428	1.1280866350446428
206	0	BMR	0.9464285714285714	0.82421875	1.0224086216517858	1.0224086216517858
207	0	BMR	1.28125	1.28125	0.8757095336914062	0.8757095336914062
208	0	BMR	0.728515625	0.728515625	0.16350555419921875	0.16350555419921875
209	0	BMR	0.73046875	0.73046875	0.00048828125	0.00048828125
210	0	BMR	0.8236607142857143	0.7177734375	0.8571428571428571	0.8571428571428571
211	0	BMR	1.29296875	1.29296875	0.9703025817871094	0.9703025817871094
212	0	BMR	1.0400390625	1.0400390625	0.306396484375	0.306396484375
213	0	BMR	1.175	1.09375	1.102685546875	1.102685546875
214	0	BMR	1.14453125	1.14453125	0.6073570251464844	0.6073570251464844
215	0	BMR	0.8895833333333333	0.806640625	0.9304850260416667	0.9304850260416667
216	0	BMR	1.4166666666666667	1.4140625	1.7601481119791667	1.7601481119791667
217	0	BMR	1.236328125	1.236328125	1.2912406921386719	1.2912406921386719
218	0	BMR	1.01171875	1.01171875	0.2544975280761719	0.2544975280761719
219	0	BMR	0.6651785714285714	0.48828125	0.6763392857142857	0.6763392857142857
220	0	BMR	1.0234375	1.0234375	1.2852210998535156	1.2852210998535156
221	0	BMR	0.7373046875	0.7373046875	0.00048828125	0.00048828125
222	0	BMR	0.8697916666666666	0.625	0.8671875	0.8671875
223	0	BMR	0.8125	0.8125	0.15436172485351562	0.15436172485351562
224	0	BMR	1.23828125	1.23828125	1.1845703125	1.1845703125
225	0	BMR	0.76953125	0.76953125	0.06472396850585938	0.06472396850585938
226	0	BMR	0.7099609375	0.7099609375	0.12644577026367188	0.12644577026367188
227	0	BMR	0.6708333333333333	0.6083984375	0.2383544921875	0.2383544921875
228	0	BMR	1.021875	0.9765625	0.8114583333333333	0.8114583333333333
229	0	BMR	0.625	0.625	0.00048828125	0.00048828125
230	0	BMR	1.0333333333333334	0.96875	0.6787679036458333	0.6787679036458333
231	0	BMR	0.9296875	0.9296875	0.4657325744628906	0.4657325744628906
232	0	BMR	1.1982421875	1.1982421875	1.1653594970703125	1.1653594970703125
233	0	BMR	1.30859375	1.30859375	0.9471015930175781	0.9471015930175781
234	0	BMR	1.201171875	1.201171875	1.01837158203125	1.01837158203125
235	0	BMR	1.2166666666666666	1.10546875	1.1950968424479167	1.1950968424479167
236	0	BMR	0.8375	0.78515625	0.846875	0.846875
237	0	BMR	0.7875	0.3857421875	0.7875	0.7875
238	0	BMR	1.2900390625	1.2900390625	1.1322097778320312	1.1322097778320312
239	0	BMR	0.8447265625	0.8447265625	0.29247283935546875	0.29247283935546875
240	0	BMR	0.940625	0.8818359375	0.32904459635416666	0.32904459635416666
241	0	BMR	1.10546875	1.10546875	1.1262435913085938	1.1262435913085938
242	0	BMR	1.171875	1.171875	1.3914604187011719	1.3914604187011719
243	0	BMR	0.95703125	0.95703125	0.40608978271484375	0.40608978271484375
244	0	BMR	0.9729166666666667	0.8828125	1.1388142903645833	1.1388142903645833
245	0	BMR	0.9319196428571429	0.8154296875	0.7820870535714286	0.7820870535714286
246	0	BMR	0.8322916666666667	0.77734375	0.7247233072916667	0.7247233072916667
247	0	BMR	1.1125	1.015625	1.1272135416666667	1.1272135416666667
248	0	BMR	0.7208333333333333	0.6396484375	0.6818522135416667	0.6818522135416667
249	0	BMR	1.2890625	1.2890625	0.761932373046875	0.761932373046875
250	0	BMR	1.166015625	1.166015625	0.8701324462890625	0.8701324462890625
251	0	BMR	1.1741071428571428	1.00390625	1.3168596540178572	1.3168596540178572
252	0	BMR	0.88671875	0.88671875	0.39965057373046875	0.39965057373046875
253	0	BMR	1.1791666666666667	1.12109375	0.8913899739583333	0.8913899739583333
254	0	BMR	0.9458333333333333	0.90234375	0.8935546875	0.8935546875
255	0	BMR	0.953125	0.953125	0.3755531311035156	0.3755531311035156
256	0	BMR	0.921875	0.921875	0.9319725036621094	0.9319725036621094
257	0	BMR	0.8046875	0.8046875	0.00048828125	0.00048828125
258	0	BMR	0.75	0.75	0.09588623046875	0.09588623046875
259	0	BMR	1.07421875	1.07421875	0.9302101135253906	0.9302101135253906
260	0	BMR	1.284375	1.19140625	1.18328857421875	1.18328857421875
261	0	BMR	1.0885416666666667	1.1298828125	0.7513020833333334	0.7513020833333334
262	0	BMR	1.115234375	1.115234375	1.2058334350585938	1.2058334350585938
263	0	BMR	1.3020833333333333	1.306640625	1.0777180989583333	1.0777180989583333
264	0	BMR	1.0758928571428572	0.9140625	1.0658482142857142	1.0658482142857142
265	0	BMR	1.2744140625	1.2744140625	0.10842514038085938	0.10842514038085938
266	0	BMR	1.0958333333333334	1.00390625	1.32154541015625	1.32154541015625
267	0	BMR	0.8486328125	0.8486328125	0.2392578125	0.2392578125
268	0	BMR	1.11328125	1.11328125	0.9710235595703125	0.9710235595703125
269	0	BMR	1.06640625	1.06640625	0.5740737915039062	0.5740737915039062
270	0	BMR	1.4072265625	1.4072265625	1.3671722412109375	1.3671722412109375
271	0	BMR	1.09375	1.09375	0.7001190185546875	0.7001190185546875
272	0	BMR	0.9384765625	0.9384765625	0.3646507263183594	0.3646507263183594
273	0	BMR	0.9375	0.69921875	0.7034801136363636	0.7034801136363636
274	0	BMR	1.08984375	1.08984375	0.6166229248046875	0.6166229248046875
275	0	BMR	1.375	1.375	1.4115638732910156	1.4115638732910156
276	0	BMR	0.9807692307692307	0.890625	0.8918269230769231	0.8918269230769231
277	0	BMR	0.6979166666666666	0.4365234375	0.6979166666666666	0.6979166666666666
278	0	BMR	0.9041666666666667	0.8369140625	0.53193359375	0.53193359375
279	0	BMR	0.98828125	0.98828125	0.6664390563964844	0.6664390563964844
280	0	BMR	0.8875	0.8271484375	0.6606119791666667	0.6606119791666667
281	0	BMR	1.3177083333333333	1.259765625	1.084375	1.084375
282	0	BMR	0.8958333333333334	0.80859375	0.9945963541666667	0.9945963541666667
283	0	BMR	0.9326923076923077	0.7734375	0.96875	0.96875
284	0	BMR	0.7626953125	0.7626953125	0.104339599609375	0.104339599609375
285	0	BMR	0.8295454545454546	0.546875	0.8295454545454546	0.8295454545454546
286	0	BMR	1.2236328125	1.2236328125	0.61065673828125	0.61065673828125
287	0	BMR	0.9241071428571429	0.80859375	0.880859375	0.880859375
288	0	BMR	0.7884615384615384	0.6201171875	0.7881610576923077	0.7881610576923077
289	0	BMR	0.6149553571428571	0.4951171875	0.6149553571428571	0.6149553571428571
290	0	BMR	1.1604166666666667	1.0947265625	1.0430826822916666	1.0430826822916666
291	0	BMR	1.1044921875	1.1044921875	1.0575714111328125	1.0575714111328125
292	0	BMR	1.2270833333333333	1.19140625	1.23203125	1.23203125
293	0	BMR	1.2166666666666666	1.1455078125	0.8382486979166667	0.8382486979166667
294	0	BMR	1.1041666666666667	1.04296875	0.7072916666666667	0.7072916666666667
295	0	BMR	1.109375	1.109375	1.1283721923828125	1.1283721923828125
296	0	BMR	1.2916666666666667	1.23828125	1.4601236979166667	1.4601236979166667
297	0	BMR	0.875	0.8046875	0.32688685825892855	0.32688685825892855
298	0	BMR	1.2197265625	1.2197265625	0.8345375061035156	0.8345375061035156
299	0	BMR	0.9921875	0.9921875	0.20578384399414062	0.20578384399414062
300	0	BMR	0.68359375	0.68359375	0.16337203979492188	0.16337203979492188
301	0	BMR	1.2080078125	1.2080078125	1.0442962646484375	1.0442962646484375
302	0	BMR	1.07421875	1.07421875	0.518157958984375	0.518157958984375
303	0	BMR	1.309375	1.275390625	1.3481730143229167	1.3481730143229167
304	0	BMR	0.7412109375	0.7412109375	0.1030731201171875	0.1030731201171875
305	0	BMR	1.0291666666666666	0.9765625	0.8566569010416667	0.8566569010416667
306	0	BMR	1.3708333333333333	1.28515625	0.79766845703125	0.79766845703125
307	0	BMR	1.23828125	1.23828125	1.3001251220703125	1.3001251220703125
308	0	BMR	1.1346153846153846	0.92578125	1.2487980769230769	1.2487980769230769
309	0	BMR	0.84375	0.84375	0.004421234130859375	0.004421234130859375
310	0	BMR	1.212890625	1.212890625	1.2048568725585938	1.2048568725585938
311	0	BMR	1.1015625	1.1015625	0.6796722412109375	0.6796722412109375
312	0	BMR	0.9572916666666667	0.8974609375	0.27255859375	0.27255859375
313	0	BMR	0.8786057692307693	0.546875	0.8839393028846154	0.8839393028846154
314	0	BMR	1.140625	1.140625	0.6167564392089844	0.6167564392089844
315	0	BMR	1.31875	1.20703125	0.8131022135416667	0.8131022135416667
316	0	BMR	0.6845703125	0.6845703125	0.16093063354492188	0.16093063354492188
317	0	BMR	0.900390625	0.900390625	0.20220184326171875	0.20220184326171875
318	0	BMR	1.4267578125	1.4267578125	1.5604057312011719	1.5604057312011719
319	0	BMR	0.6318359375	0.6318359375	0.00048828125	0.00048828125
320	0	BMR	1.1071428571428572	0.9619140625	0.9840262276785714	0.9840262276785714
321	0	BMR	0.7802734375	0.7802734375	0.7816925048828125	0.7816925048828125
322	0	BMR	1.04296875	1.04296875	0.8027191162109375	0.8027191162109375
323	0	BMR	1.08984375	1.08984375	0.20409011840820312	0.20409011840820312
324	0	BMR	1.0966796875	1.0966796875	0.535430908203125	0.535430908203125
325	0	BMR	1.125	1.125	0.6860771179199219	0.6860771179199219
326	0	BMR	1.375	1.0439453125	1.3765963040865385	1.3765963040865385
327	0	BMR	1.0771484375	1.0771484375	0.7109413146972656	0.7109413146972656
328	0	BMR	0.9090909090909091	0.48046875	0.90625	0.90625
329	0	BMR	0.909375	0.8212890625	0.824609375	0.824609375
330	0	BMR	1.0390625	1.0390625	1.139984130859375	1.139984130859375
331	0	BMR	1.2509765625	1.2509765625	1.290191650390625	1.290191650390625
332	0	BMR	1.296875	1.296875	1.242919921875	1.242919921875
333	0	BMR	0.825	0.73828125	0.9286946614583333	0.9286946614583333
334	0	BMR	0.662109375	0.662109375	0.09945297241210938	0.09945297241210938
335	0	BMR	1.2431640625	1.2431640625	0.7070465087890625	0.7070465087890625
336	0	BMR	0.8416666666666667	0.8515625	0.6751302083333334	0.6751302083333334
337	0	BMR	1.0958333333333334	1.01171875	0.6710042317708333	0.6710042317708333
338	0	BMR	0.9291666666666667	0.828125	0.78369140625	0.78369140625
339	0	BMR	1.18359375	1.18359375	0.9112396240234375	0.9112396240234375
340	0	BMR	1.0535714285714286	0.86328125	1.0944475446428572	1.0944475446428572
341	0	BMR	1.2677083333333334	1.15234375	1.1095703125	1.1095703125
342	0	BMR	1.171875	1.171875	0.7421646118164062	0.7421646118164062
343	0	BMR	1.10546875	1.10546875	0.84710693359375	0.84710693359375
344	0	BMR	0.90625	0.90625	0.5085868835449219	0.5085868835449219
345	0	BMR	1.2466517857142858	1.0634765625	1.3445172991071428	1.3445172991071428
346	0	BMR	1.1484375	1.1484375	1.0656890869140625	1.0656890869140625
347	0	BMR	1.046875	0.84375	1.0807291666666667	1.0807291666666667
348	0	BMR	1.0546875	1.0546875	0.6044464111328125	0.6044464111328125
349	0	BMR	0.8895833333333333	0.833984375	0.8401041666666667	0.8401041666666667
350	0	BMR	0.7001953125	0.7001953125	0.000457763671875	0.000457763671875
351	0	BMR	0.9552083333333333	1.0048828125	0.8703206380208334	0.8703206380208334
352	0	BMR	1.0400390625	1.0400390625	0.4115257263183594	0.4115257263183594
353	0	BMR	0.671875	0.671875	0.18934249877929688	0.18934249877929688
354	0	BMR	1.1259765625	1.1259765625	0.77423095703125	0.77423095703125
355	0	BMR	1.1197916666666667	1.11328125	0.9741373697916667	0.9741373697916667
356	0	BMR	1.03125	0.9306640625	0.9695841471354166	0.9695841471354166
357	0	BMR	1.177734375	1.177734375	1.2314262390136719	1.2314262390136719
358	0	BMR	1.2333984375	1.2333984375	1.0579032897949219	1.0579032897949219
359	0	BMR	0.9635416666666666	0.67578125	0.900146484375	0.900146484375
360	0	BMR	1.234375	1.234375	1.4041786193847656	1.4041786193847656
361	0	BMR	1.2166666666666666	1.2421875	0.9650716145833333	0.9650716145833333
362	0	BMR	1.1696428571428572	1.0546875	1.4671979631696428	1.4671979631696428
363	0	BMR	0.8072916666666666	0.5625	0.7265625	0.7265625
364	0	BMR	1.25390625	1.25390625	0.699432373046875	0.699432373046875
365	0	BMR	0.828125	0.828125	0.00150299072265625	0.00150299072265625
366	0	BMR	0.765625	0.7177734375	0.890087890625	0.890087890625
367	0	BMR	0.7916666666666666	0.4921875	0.7916666666666666	0.7916666666666666
368	0	BMR	0.9609375	0.9609375	0.278167724609375	0.278167724609375
369	0	BMR	1.15	1.0625	1.17763671875	1.17763671875
370	0	BMR	0.86328125	0.86328125	0.00048828125	0.00048828125
371	0	BMR	0.5989583333333334	0.427734375	0.5989583333333334	0.5989583333333334
372	0	BMR	1.13671875	1.13671875	0.941009521484375	0.941009521484375
373	0	BMR	1.19921875	1.19921875	0.6518096923828125	0.6518096923828125
374	0	BMR	1.1396484375	1.1396484375	1.1184883117675781	1.0270767211914062
375	0	BMR	1.1979166666666667	1.123046875	1.310400390625	1.310400390625
376	0	BMR	1.35546875	1.35546875	1.0777626037597656	1.0777626037597656
377	0	BMR	0.9147727272727273	0.5625	0.8693181818181818	0.8693181818181818
378	0	BMR	0.5769230769230769	0.4384765625	0.5705378605769231	0.5705378605769231
379	0	BMR	0.8028846153846154	0.630859375	0.7572866586538461	0.7572866586538461
380	0	BMR	0.7788461538461539	0.55078125	0.8596754807692307	0.8596754807692307
381	0	BMR	1.173828125	1.173828125	0.9654731750488281	0.9654731750488281
382	0	BMR	1.2353515625	1.2353515625	0.9906234741210938	0.9906234741210938
383	0	BMR	1.0865384615384615	0.8984375	1.0004507211538463	1.0004507211538463
384	0	BMR	1.052734375	1.052734375	0.49688720703125	0.49688720703125
385	0	BMR	1.1376953125	1.1376953125	0.5659103393554688	0.5659103393554688
386	0	BMR	1.0390625	1.0390625	0.9559059143066406	0.9559059143066406
387	0	BMR	1.2734375	1.2734375	1.2081756591796875	1.2081756591796875
388	0	BMR	1.0517578125	1.0517578125	0.21350860595703125	0.21350860595703125
389	0	BMR	1.34375	1.34375	1.5584297180175781	1.5584297180175781
390	0	BMR	0.7276785714285714	0.6220703125	0.7492850167410714	0.7492850167410714
391	0	BMR	1.025	1.03125	1.1552408854166667	1.1552408854166667
392	0	BMR	1.221875	1.1650390625	1.3830891927083333	1.3830891927083333
393	0	BMR	0.8896484375	0.8896484375	0.4813117980957031	0.4813117980957031
394	0	BMR	1.284375	1.2978515625	1.6707112630208334	1.6705159505208333
395	0	BMR	0.8660714285714286	0.7421875	0.9557756696428571	0.9557756696428571
396	0	BMR	1.11328125	1.11328125	0.9395790100097656	0.9395790100097656
397	0	BMR	0.8645833333333334	0.796875	0.3837076822916667	0.3837076822916667
398	0	BMR	0.921875	0.6220703125	0.8391927083333334	0.8391927083333334
399	0	BMR	1.265625	1.265625	1.2183837890625	1.2183837890625
400	0	BMR	1.134375	1.09765625	0.6605794270833333	0.6605794270833333
401	0	BMR	1.1083333333333334	1.0439453125	1.0541341145833334	1.0541341145833334
402	0	BMR	0.5654296875	0.5654296875	0.06333160400390625	0.06333160400390625
403	0	BMR	1.1020833333333333	1.01953125	0.7774251302083334	0.7774251302083334
404	0	BMR	0.67578125	0.67578125	0.19713592529296875	0.19713592529296875
405	0	BMR	0.6583333333333333	0.609375	0.6583333333333333	0.6583333333333333
406	0	BMR	0.734375	0.734375	0.047698974609375	0.047698974609375
407	0	BMR	0.9229166666666667	0.85546875	0.8296101888020834	0.8296101888020834
408	0	BMR	1.0625	1.0625	0.6813125610351562	0.6813125610351562
409	0	BMR	1.1416015625	1.1416015625	0.6805000305175781	0.6805000305175781
410	0	BMR	0.9166666666666666	0.53125	0.9124348958333334	0.9124348958333334
411	0	BMR	1.1964285714285714	1.0673828125	1.3415876116071428	1.3415876116071428
412	0	BMR	1.1302083333333333	1.091796875	0.573974609375	0.573974609375
413	0	BMR	0.9375	0.84765625	0.9536458333333333	0.9536458333333333
414	0	BMR	1.248046875	1.248046875	1.1043739318847656	1.1043739318847656
415	0	BMR	0.98046875	0.98046875	0.466552734375	0.466552734375
416	0	BMR	1.2321428571428572	1.03515625	0.9232526506696429	0.9232526506696429
417	0	BMR	1.275	1.1796875	1.6523234049479167	1.5389607747395833
418	0	BMR	0.9899553571428571	0.9326171875	1.0055803571428572	1.0055803571428572
419	0	BMR	1.0208333333333333	0.9296875	0.97724609375	0.97724609375
420	0	BMR	0.8125	0.65234375	0.8172433035714286	0.8172433035714286
421	0	BMR	1.0416666666666667	0.94140625	0.9531819661458333	0.9531819661458333
422	0	BMR	1.15234375	1.15234375	1.0461502075195312	1.0461502075195312
423	0	BMR	0.6997767857142857	0.529296875	0.5873325892857143	0.5873325892857143
424	0	BMR	0.7291666666666666	0.62890625	0.7291666666666666	0.7291666666666666
425	0	BMR	1.11328125	1.11328125	0.8238029479980469	0.8238029479980469
426	0	BMR	1.31640625	1.31640625	1.313690185546875	1.313690185546875
427	0	BMR	0.84375	0.84375	0.1600341796875	0.1600341796875
428	0	BMR	1.078125	1.078125	0.7162399291992188	0.7162399291992188
429	0	BMR	1.1650390625	1.1650390625	1.4497650146484378	1.1965393066406251
430	0	BMR	1.0291666666666666	0.94921875	0.6714192708333333	0.6714192708333333
431	0	BMR	1.01953125	1.01953125	0.8992881774902344	0.8992881774902344
432	0	BMR	0.9296875	0.9296875	0.2974128723144531	0.2974128723144531
433	0	BMR	1.1328125	1.1328125	0.9465713500976562	0.9465713500976562
434	0	BMR	1.1962890625	1.1962890625	0.7735824584960938	0.7735824584960938
435	0	BMR	0.8269230769230769	0.73046875	0.5279447115384616	0.5279447115384616
436	0	BMR	1.16015625	1.16015625	0.7130508422851562	0.7130508422851562
437	0	BMR	0.6682692307692307	0.43359375	0.6790865384615384	0.6790865384615384
438	0	BMR	1.1395833333333334	1.0546875	0.9565226236979166	0.9565226236979166
439	0	BMR	0.95	0.859375	0.52210693359375	0.52210693359375
440	0	BMR	1.0615234375	1.0615234375	0.8642616271972656	0.8642616271972656
441	0	BMR	1.306640625	1.306640625	0.4083900451660156	0.4083900451660156
442	0	BMR	0.6435546875	0.6435546875	0.000457763671875	0.000457763671875
443	0	BMR	0.91015625	0.91015625	0.23799514770507812	0.23799514770507812
444	0	BMR	1.203125	1.203125	1.3653450012207031	1.3653450012207031
445	0	BMR	0.7041666666666667	0.6328125	0.7044270833333334	0.7044270833333334
446	0	BMR	1.40234375	1.40234375	1.5183601379394531	1.5183601379394531
447	0	BMR	1.075	1.0546875	1.3403971354166666	1.3403971354166666
448	0	BMR	0.575	0.51171875	0.5958333333333333	0.5958333333333333
449	0	BMR	1.015625	1.015625	0.29034423828125	0.29034423828125
450	0	BMR	0.939453125	0.939453125	0.3776283264160156	0.3776283264160156
451	0	BMR	1.251953125	1.251953125	0.9065055847167969	0.9065055847167969
452	0	BMR	0.837890625	0.837890625	0.7455596923828125	0.7455596923828125
453	0	BMR	1.1541666666666666	1.1064453125	0.6939900716145834	0.6939900716145834
454	0	BMR	1.14453125	1.14453125	0.9830322265625	0.9830322265625
455	0	BMR	0.9921875	0.9921875	0.6195755004882812	0.6195755004882812
456	0	BMR	0.9642857142857143	0.890625	0.9535435267857143	0.9535435267857143
457	0	BMR	1.23828125	1.23828125	0.9173393249511719	0.9173393249511719
458	0	BMR	0.8229166666666666	0.53515625	0.8203125	0.8203125
459	0	BMR	0.9419642857142857	0.931640625	0.3467494419642857	0.3467494419642857
460	0	BMR	0.9208984375	0.9208984375	0.18592453002929688	0.18592453002929688
461	0	BMR	1.07421875	1.07421875	0.8493804931640625	0.8493804931640625
462	0	BMR	1.1125	1.05859375	1.1801106770833334	1.1801106770833334
463	0	BMR	0.5068359375	0.5068359375	0.00048828125	0.00048828125
464	0	BMR	1.1833333333333333	1.1796875	1.0501790364583334	1.0501790364583334
465	0	BMR	0.8681640625	0.8681640625	0.00048828125	0.00048828125
466	0	BMR	1.2265625	1.2265625	1.0680999755859375	1.0680999755859375
467	0	BMR	0.8839285714285714	0.71484375	0.8387974330357143	0.8387974330357143
468	0	BMR	0.8310546875	0.8310546875	0.34735107421875	0.34735107421875
469	0	BMR	1.1135416666666667	1.1142578125	0.5469970703125	0.5469970703125
470	0	BMR	0.8839285714285714	0.8046875	0.73828125	0.73828125
471	0	BMR	0.765625	0.765625	0.00083160400390625	0.00083160400390625
472	0	BMR	1.25390625	1.25390625	0.8264808654785156	0.8264808654785156
473	0	BMR	0.65625	0.572265625	0.63369140625	0.63369140625
474	0	BMR	0.845703125	0.845703125	0.2503204345703125	0.2503204345703125
475	0	BMR	1.1787109375	1.1787109375	1.0122833251953125	1.0122833251953125
476	0	BMR	0.9638671875	0.9638671875	0.5294113159179688	0.5294113159179688
477	0	BMR	1.0703125	1.0703125	0.6184501647949219	0.6184501647949219
478	0	BMR	0.79296875	0.79296875	0.10277175903320312	0.10277175903320312
479	0	BMR	0.5859375	0.5859375	0.00048828125	0.00048828125
480	0	BMR	0.8662109375	0.8662109375	0.789306640625	0.789306640625
481	0	BMR	1.2412109375	1.2412109375	0.95416259765625	0.95416259765625
482	0	BMR	1.1953125	1.1953125	0.4785881042480469	0.4785881042480469
483	0	BMR	1.17578125	1.17578125	1.2469902038574219	1.2469902038574219
484	0	BMR	0.8359375	0.8359375	0.7219314575195312	0.7219314575195312
485	0	BMR	1.0267857142857142	0.9765625	0.7222377232142857	0.7222377232142857
486	0	BMR	1.4453125	1.4453125	1.3594474792480469	1.3594474792480469
487	0	BMR	1.2410714285714286	1.12890625	1.1393694196428572	1.1393694196428572
488	0	BMR	1.3056640625	1.3056640625	0.9934539794921875	0.9934539794921875
489	0	BMR	1.21875	1.03515625	1.3156389508928572	1.3156389508928572
490	0	BMR	1.1181640625	1.1181640625	0.5696868896484375	0.5696868896484375
491	0	BMR	0.7451171875	0.7451171875	0.00042724609375	0.00042724609375
492	0	BMR	1.0703125	1.0703125	0.6699371337890625	0.6699371337890625
493	0	BMR	1.1677083333333333	1.0791015625	0.5644856770833333	0.5644856770833333
494	0	BMR	1.1171875	1.1171875	1.1945266723632812	1.1945266723632812
495	0	BMR	0.96484375	0.96484375	0.31873321533203125	0.31873321533203125
496	0	BMR	1.1328125	1.1328125	0.6807785034179688	0.6807785034179688
497	0	BMR	0.9895833333333334	0.7734375	1.0234375	1.0234375
498	0	BMR	1.01171875	1.01171875	0.3980216979980469	0.3980216979980469
499	0	BMR	1.1796875	1.1796875	1.0118446350097656	1.0118446350097656
500	0	BMR	0.8080357142857143	0.703125	0.8058035714285714	0.8058035714285714
501	0	BMR	0.951171875	0.951171875	0.6935844421386719	0.6935844421386719
502	0	BMR	1.21875	1.21875	0.225494384765625	0.225494384765625
503	0	BMR	1.2455357142857142	1.04296875	0.7832554408482143	0.7832554408482143
504	0	BMR	1.0541666666666667	1.03125	0.5381673177083334	0.5381673177083334
505	0	BMR	1.0869140625	1.0869140625	0.3919029235839844	0.3919029235839844
506	0	BMR	0.9453125	0.9453125	0.3676910400390625	0.3676910400390625
507	0	BMR	0.7946428571428571	0.5625	0.7262834821428571	0.7262834821428571
508	0	BMR	1.03515625	1.03515625	0.442413330078125	0.442413330078125
509	0	BMR	0.9375	0.8447265625	1.05450439453125	1.05450439453125
510	0	BMR	0.9453125	0.9453125	0.9906692504882812	0.9906692504882812
511	0	BMR	1.3458333333333334	1.27734375	1.3969075520833334	1.3969075520833334
512	0	BMR	0.6489583333333333	0.5771484375	0.6569986979166667	0.6569986979166667
513	0	BMR	1.2833333333333334	1.2109375	1.3432332356770833	1.3432332356770833
514	0	BMR	1.076171875	1.076171875	0.5121345520019531	0.5121345520019531
515	0	BMR	0.7142857142857143	0.5966796875	0.7142857142857143	0.7142857142857143
516	0	BMR	0.4521484375	0.4521484375	0.000888824462890625	0.000888824462890625
517	0	BMR	1.12890625	1.12890625	1.20001220703125	1.20001220703125
518	0	BMR	1.0869140625	1.0869140625	0.5729942321777344	0.5729942321777344
519	0	BMR	0.75	0.5048828125	0.7745028409090909	0.7745028409090909
520	0	BMR	1.13671875	1.13671875	0.8419570922851562	0.8419570922851562
521	0	BMR	1.0703125	1.0703125	0.5131797790527344	0.5131797790527344
522	0	BMR	1.33203125	1.33203125	1.2034225463867188	1.2034225463867188
523	0	BMR	1.314453125	1.314453125	1.3162689208984375	1.3162689208984375
524	0	BMR	1.2353515625	1.2353515625	1.0878849029541016	1.086935043334961
525	0	BMR	1.015625	1.015625	0.4279136657714844	0.4279136657714844
526	0	BMR	0.91015625	0.91015625	1.0827903747558594	1.0827903747558594
527	0	BMR	1.0703125	1.0703125	0.7100334167480469	0.7100334167480469
528	0	BMR	1.0625	0.94921875	1.06259765625	1.06259765625
529	0	BMR	0.87109375	0.87109375	0.17034912109375	0.17034912109375
530	0	BMR	0.888671875	0.888671875	0.5289688110351562	0.5289688110351562
531	0	BMR	0.8072916666666666	0.4990234375	0.6354166666666666	0.6354166666666666
532	0	BMR	1.095703125	1.095703125	0.9895591735839844	0.9895591735839844
533	0	BMR	0.7119140625	0.7119140625	0.00048828125	0.00048828125
534	0	BMR	1.24609375	1.24609375	1.1583099365234375	1.1583099365234375
535	0	BMR	0.97265625	0.97265625	0.491729736328125	0.491729736328125
536	0	BMR	0.8333333333333334	0.51953125	0.8802083333333334	0.8802083333333334
537	0	BMR	0.8916666666666667	0.82421875	0.43191324869791664	0.43191324869791664
538	0	BMR	0.9921875	0.9921875	0.3832206726074219	0.3832206726074219
539	0	BMR	1.1181640625	1.1181640625	0.592742919921875	0.592742919921875
540	0	BMR	0.7412109375	0.7412109375	0.13177490234375	0.13177490234375
541	0	BMR	0.986328125	0.986328125	0.6198196411132812	0.6198196411132812
542	0	BMR	1.2142857142857142	1.09375	0.97998046875	0.97998046875
543	0	BMR	1.0234375	1.0234375	0.6503753662109375	0.6503753662109375
544	0	BMR	0.90625	0.90625	0.37697601318359375	0.37697601318359375
545	0	BMR	1.2109375	1.2109375	1.3169593811035156	1.3169593811035156
546	0	BMR	0.9739583333333334	0.7060546875	0.9108072916666666	0.9108072916666666
547	0	BMR	1.04296875	1.04296875	1.0170135498046875	1.0170135498046875
548	0	BMR	0.9599609375	0.9599609375	0.28741455078125	0.28741455078125
549	0	BMR	0.796875	0.63671875	0.5984825721153846	0.5984825721153846
550	0	BMR	1.11328125	1.11328125	0.8953399658203125	0.8953399658203125
551	0	BMR	0.9423076923076923	0.68359375	0.7776442307692307	0.7776442307692307
552	0	BMR	1.3056640625	1.3056640625	1.2263145446777344	1.2263145446777344
553	0	BMR	0.8875	0.81640625	0.9020833333333333	0.9020833333333333
554	0	BMR	0.8169642857142857	0.8037109375	0.8035714285714286	0.8035714285714286
555	0	BMR	0.69140625	0.69140625	0.6536865234375	0.6536865234375
556	0	BMR	0.7799479166666666	0.51171875	0.7799479166666666	0.7799479166666666
557	0	BMR	0.9375	0.8515625	0.12890218098958334	0.12890218098958334
558	0	BMR	0.8984375	0.8984375	0.3589897155761719	0.3589897155761719
559	0	BMR	0.75	0.6591796875	0.6037109375	0.6037109375
560	0	BMR	1.19921875	1.19921875	0.8664474487304688	0.8664474487304688
561	0	BMR	1.03125	1.03125	0.6257820129394531	0.6257820129394531
562	0	BMR	0.9697916666666667	0.8974609375	0.9974934895833333	0.9974934895833333
563	0	BMR	1.234375	1.234375	0.9579086303710938	0.9579086303710938
564	0	BMR	0.728515625	0.728515625	0.10996627807617188	0.10996627807617188
565	0	BMR	1.2265625	1.2265625	1.2902183532714844	1.2902183532714844
566	0	BMR	0.9471153846153846	0.798828125	0.7312199519230769	0.7312199519230769
567	0	BMR	1.1181640625	1.1181640625	0.6269607543945312	0.6269607543945312
568	0	BMR	1.0908203125	1.0908203125	0.8692970275878906	0.8692970275878906
569	0	BMR	0.96875	0.96875	0.25371551513671875	0.25371551513671875
570	0	BMR	0.7744140625	0.7744140625	0.00048828125	0.00048828125
571	0	BMR	0.9821428571428571	0.828125	1.0564836774553572	1.0564836774553572
572	0	BMR	0.9821428571428571	0.76953125	0.8772321428571429	0.8772321428571429
573	0	BMR	1.2978515625	1.2978515625	1.1499214172363281	1.1499214172363281
574	0	BMR	0.7490234375	0.7490234375	0.1500396728515625	0.1500396728515625
575	0	BMR	1.21484375	1.21484375	0.8130073547363281	0.8130073547363281
576	0	BMR	0.7857142857142857	0.703125	0.5735386439732143	0.5735386439732143
577	0	BMR	1.23828125	1.23828125	1.2234039306640625	1.2234039306640625
578	0	BMR	0.7333984375	0.7333984375	0.08371734619140625	0.08371734619140625
579	0	BMR	0.7583333333333333	0.68359375	0.7877766927083333	0.7877766927083333
580	0	BMR	1.2053571428571428	1.06640625	0.7648228236607143	0.7648228236607143
581	0	BMR	0.8385416666666666	0.54296875	0.671875	0.671875
582	0	BMR	1.0390625	1.0390625	0.5762481689453125	0.5762481689453125
583	0	BMR	0.8173076923076923	0.6318359375	0.8402944711538461	0.8402944711538461
584	0	BMR	0.640625	0.587890625	0.6870279947916667	0.6870279947916667
585	0	BMR	1.3145833333333334	1.232421875	1.0909383138020834	1.0909383138020834
586	0	BMR	0.9404296875	0.9404296875	0.14023590087890625	0.14023590087890625
587	0	BMR	1.171875	1.171875	0.7855339050292969	0.7855339050292969
588	0	BMR	1.225	1.1640625	0.7688802083333334	0.7688802083333334
589	0	BMR	1.09375	1.09375	0.1804046630859375	0.1804046630859375
590	0	BMR	0.7841796875	0.7841796875	0.06292724609375	0.06292724609375
591	0	BMR	1.12890625	1.12890625	1.4136123657226562	1.4136123657226562
592	0	BMR	1.3552083333333333	1.2705078125	0.9852010091145833	0.9852010091145833
593	0	BMR	1.3894230769230769	1.08984375	1.2256798377403846	1.2249474158653846
594	0	BMR	0.96484375	0.96484375	0.36919403076171875	0.36919403076171875
595	0	BMR	0.80859375	0.80859375	0.7859039306640625	0.7859039306640625
596	0	BMR	1.220703125	1.220703125	0.9810409545898438	0.9810409545898438
597	0	BMR	1.3212890625	1.3212890625	0.9696311950683594	0.9696311950683594
598	0	BMR	0.8333333333333334	0.76171875	0.22965494791666666	0.22965494791666666
599	0	BMR	1.1071428571428572	1.1142578125	0.98828125	0.98828125
600	0	BMR	0.9189453125	0.9189453125	0.0712738037109375	0.0712738037109375
601	0	BMR	1.0625	1.0625	0.6781425476074219	0.6781425476074219
602	0	BMR	1.22265625	1.22265625	0.4168663024902344	0.4168663024902344
603	0	BMR	1.171875	1.171875	0.47797393798828125	0.47797393798828125
604	0	BMR	1.2421875	1.2421875	0.6962928771972656	0.6564216613769531
605	0	BMR	0.9625	0.8701171875	0.37703043619791665	0.37703043619791665
606	0	BMR	0.568359375	0.568359375	0.09810638427734375	0.09810638427734375
607	0	BMR	1.0583333333333333	1.0390625	0.8907063802083334	0.8907063802083334
608	0	BMR	0.77734375	0.77734375	0.09698104858398438	0.09698104858398438
609	0	BMR	0.65234375	0.65234375	0.20795822143554688	0.20795822143554688
610	0	BMR	1.1083333333333334	1.04296875	0.9002766927083333	0.9002766927083333
611	0	BMR	1.11328125	1.11328125	1.2157554626464844	1.2157554626464844
612	0	BMR	1.3791666666666667	1.29296875	1.5718505859375	1.5718505859375
613	0	BMR	0.7644230769230769	0.6044921875	0.611572265625	0.611572265625
614	0	BMR	1.228515625	1.228515625	1.2856483459472656	1.2856483459472656
615	0	BMR	0.7276785714285714	0.6572265625	0.7108503069196429	0.7108503069196429
616	0	BMR	1.309375	1.2275390625	1.1168050130208333	1.1168050130208333
617	0	BMR	0.90625	0.90625	0.00042724609375	0.00042724609375
618	0	BMR	1.1127232142857142	0.9404296875	0.9916294642857143	0.9916294642857143
619	0	BMR	1.076171875	1.076171875	0.8828887939453125	0.8828887939453125
620	0	BMR	0.9140625	0.9140625	0.29909515380859375	0.29909515380859375
621	0	BMR	0.58984375	0.58984375	0.062957763671875	0.062957763671875
622	0	BMR	1.2314453125	1.2314453125	1.1449661254882812	1.1449661254882812
623	0	BMR	1.0625	1.0625	0.9548683166503906	0.9548683166503906
624	0	BMR	0.7801339285714286	0.6708984375	0.8348039899553571	0.8348039899553571
625	0	BMR	1.2885416666666667	1.23046875	1.3031412760416667	1.3031412760416667
626	0	BMR	1.0537109375	1.0537109375	0.1939849853515625	0.1939849853515625
627	0	BMR	1.08125	0.998046875	0.72369384765625	0.72369384765625
628	0	BMR	1.23828125	1.23828125	0.8122444152832031	0.8122444152832031
629	0	BMR	0.810546875	0.810546875	0.23215103149414062	0.23215103149414062
630	0	BMR	1.2578125	1.2578125	0.9293441772460938	0.9293441772460938
631	0	BMR	0.9743303571428571	0.828125	0.8932059151785714	0.8932059151785714
632	0	BMR	1.0927083333333334	1.0322265625	0.8033854166666666	0.8033854166666666
633	0	BMR	0.779296875	0.779296875	0.00279998779296875	0.00279998779296875
634	0	BMR	0.80859375	0.80859375	0.31104278564453125	0.31104278564453125
635	0	BMR	1.01171875	1.01171875	0.8575820922851562	0.8575820922851562
636	0	BMR	1.24609375	1.24609375	1.0688896179199219	1.0688896179199219
637	0	BMR	0.8076171875	0.8076171875	0.09743499755859375	0.09743499755859375
638	0	BMR	0.7583333333333333	0.7109375	0.5579752604166667	0.5579752604166667
639	0	BMR	1.0580357142857142	0.890625	0.9308907645089286	0.9308907645089286
640	0	BMR	1.05078125	1.05078125	0.8379478454589844	0.8379478454589844
641	0	BMR	1.04296875	1.04296875	0.7933311462402344	0.7933311462402344
642	0	BMR	1.2833333333333334	1.1875	1.18187255859375	1.18187255859375
643	0	BMR	0.9958333333333333	0.921875	0.86002197265625	0.86002197265625
644	0	BMR	1.09765625	1.09765625	0.7673797607421875	0.7673797607421875
645	0	BMR	1.01171875	1.01171875	0.7395553588867188	0.7395553588867188
646	0	BMR	0.9326923076923077	0.765625	0.5222355769230769	0.5222355769230769
647	0	BMR	0.7740384615384616	0.46484375	0.7515024038461539	0.7515024038461539
648	0	BMR	0.8958333333333334	0.66015625	0.9049479166666666	0.9049479166666666
649	0	BMR	1.279296875	1.279296875	0.5609855651855469	0.5609855651855469
650	0	BMR	1.2099609375	1.2099609375	0.5606689453125	0.5606689453125
651	0	BMR	0.6201171875	0.6201171875	0.06333160400390625	0.06333160400390625
652	0	BMR	0.87109375	0.87109375	0.2618408203125	0.2618408203125
653	0	BMR	1.17578125	1.17578125	0.5752105712890625	0.5752105712890625
654	0	BMR	1.27734375	1.27734375	1.1052017211914062	1.1052017211914062
655	0	BMR	0.7412109375	0.7412109375	0.00083160400390625	0.00083160400390625
656	0	BMR	0.7355769230769231	0.48046875	0.7355769230769231	0.7355769230769231
657	0	BMR	0.7552083333333334	0.5234375	0.7552083333333334	0.7552083333333334
658	0	BMR	0.73046875	0.73046875	0.000888824462890625	0.000888824462890625
659	0	BMR	1.13671875	1.13671875	0.37204742431640625	0.37204742431640625
660	0	BMR	1.046875	0.9189453125	0.9652099609375	0.9652099609375
661	0	BMR	0.7109375	0.7109375	0.7410888671875	0.7410888671875
662	0	BMR	0.8348214285714286	0.671875	0.7868303571428571	0.7868303571428571
663	0	BMR	0.9375	0.8359375	0.7954799107142857	0.7954799107142857
664	0	BMR	0.78515625	0.78515625	0.06327438354492188	0.06327438354492188
665	0	BMR	1.14453125	1.14453125	0.8281097412109375	0.8281097412109375
666	0	BMR	0.9521484375	0.9521484375	0.3842735290527344	0.3842735290527344
667	0	BMR	1.1041666666666667	1.109375	1.1713297526041666	1.1713297526041666
668	0	BMR	1.0400390625	1.0400390625	0.2104949951171875	0.2104949951171875
669	0	BMR	1.2353515625	1.2353515625	1.2049522399902344	1.2049522399902344
670	0	BMR	1.0875	1.00390625	1.0622233072916667	1.0622233072916667
671	0	BMR	0.5673828125	0.5673828125	0.00048828125	0.00048828125
672	0	BMR	0.9765625	0.9765625	0.5509529113769531	0.5509529113769531
673	0	BMR	1.0478515625	1.0478515625	0.2982521057128906	0.2982521057128906
674	0	BMR	1.107421875	1.107421875	0.7462158203125	0.7462158203125
675	0	BMR	0.95	0.875	0.49947916666666664	0.49947916666666664
676	0	BMR	0.8408203125	0.8408203125	0.16363143920898438	0.16363143920898438
677	0	BMR	0.673828125	0.673828125	0.16211700439453125	0.16211700439453125
678	0	BMR	0.9013671875	0.9013671875	0.3713531494140625	0.3713531494140625
679	0	BMR	1.3625	1.27734375	0.4654337565104167	0.4654337565104167
680	0	BMR	1.2375	1.1953125	1.0261555989583333	1.0261555989583333
681	0	BMR	1.3173828125	1.3173828125	1.2042961120605469	1.2022361755371094
682	0	BMR	0.708984375	0.708984375	0.27098846435546875	0.27098846435546875
683	0	BMR	1.23046875	1.23046875	1.325164794921875	1.325164794921875
684	0	BMR	1.2	1.11328125	0.9329630533854166	0.9329630533854166
685	0	BMR	0.83203125	0.83203125	0.12050247192382812	0.12050247192382812
686	0	BMR	1.1591796875	1.1591796875	0.687957763671875	0.687957763671875
687	0	BMR	0.8515625	0.8515625	0.06892013549804688	0.06892013549804688
688	0	BMR	1.2138671875	1.2138671875	1.3178825378417969	1.3178825378417969
689	0	BMR	1.16015625	1.16015625	1.0890579223632812	1.0890579223632812
690	0	BMR	1.2294921875	1.2294921875	1.3348388671875	1.3348388671875
691	0	BMR	0.7166666666666667	0.61328125	0.7263671875	0.7263671875
692	0	BMR	1.00625	0.931640625	0.7419759114583333	0.7419759114583333
693	0	BMR	0.9791666666666666	0.953125	0.40602213541666665	0.40602213541666665
694	0	BMR	1.0390625	1.0390625	0.24593353271484375	0.24593353271484375
695	0	BMR	0.86328125	0.86328125	0.00048828125	0.00048828125
696	0	BMR	0.7692307692307693	0.5703125	0.7307692307692307	0.7307692307692307
697	0	BMR	0.8994140625	0.8994140625	0.4647178649902344	0.4647178649902344
698	0	BMR	0.9333333333333333	0.853515625	1.0687784830729166	1.0687784830729166
699	0	BMR	1.1830357142857142	1.05859375	1.0166364397321428	1.0166364397321428
700	0	BMR	0.7208333333333333	0.66015625	0.7252604166666666	0.7252604166666666
701	0	BMR	1.2767857142857142	1.1015625	1.0947788783482142	1.0947788783482142
702	0	BMR	1.1279296875	1.1279296875	0.8344345092773438	0.8344345092773438
703	0	BMR	0.690625	0.6201171875	0.5831868489583333	0.5831868489583333
704	0	BMR	1.07421875	1.07421875	0.038722991943359375	0.038722991943359375
705	0	BMR	0.86328125	0.86328125	0.00267791748046875	0.00267791748046875
706	0	BMR	1.14453125	1.14453125	0.5542793273925781	0.5542793273925781
707	0	BMR	1.2458333333333333	1.13671875	1.4638997395833333	1.4638997395833333
708	0	BMR	0.8064903846153846	0.6005859375	0.8125	0.8125
709	0	BMR	1.09765625	1.09765625	0.6919136047363281	0.6919136047363281
710	0	BMR	0.94921875	0.94921875	0.633697509765625	0.633697509765625
711	0	BMR	1.2734375	1.1689453125	1.2818952287946428	1.257568359375
712	0	BMR	1.0833333333333333	1.0	1.083251953125	1.083251953125
713	0	BMR	0.810546875	0.810546875	0.24547576904296875	0.24547576904296875
714	0	BMR	0.9833333333333333	0.9453125	0.9709309895833333	0.9709309895833333
715	0	BMR	0.74609375	0.74609375	0.000888824462890625	0.000888824462890625
716	0	BMR	0.697265625	0.697265625	0.005279541015625	0.005279541015625
717	0	BMR	0.7708333333333334	0.6953125	0.722900390625	0.722900390625
718	0	BMR	0.755859375	0.755859375	0.16036224365234375	0.16036224365234375
719	0	BMR	0.9486607142857143	0.8486328125	0.6960972377232143	0.6954694475446429
720	0	BMR	1.1041666666666667	1.03515625	0.853564453125	0.853564453125
721	0	BMR	1.0223214285714286	0.875	0.8046177455357143	0.8046177455357143
722	0	BMR	1.2373046875	1.2373046875	0.7830276489257812	0.7830276489257812
723	0	BMR	1.1927083333333333	1.1494140625	0.67647705078125	0.67647705078125
724	0	BMR	1.2416666666666667	1.1494140625	1.3549967447916667	1.3549967447916667
725	0	BMR	0.7932692307692307	0.55859375	0.7920673076923077	0.7920673076923077
726	0	BMR	0.86328125	0.86328125	0.00048828125	0.00048828125
727	0	BMR	0.6015625	0.5107421875	0.578125	0.578125
728	0	BMR	0.7087053571428571	0.587890625	0.6026785714285714	0.6026785714285714
729	0	BMR	1.068359375	1.068359375	0.4303474426269531	0.4303474426269531
730	0	BMR	0.8028846153846154	0.564453125	0.8028846153846154	0.8028846153846154
731	0	BMR	0.703125	0.703125	0.09462356567382812	0.09462356567382812
732	0	BMR	0.9140625	0.9140625	0.8937225341796875	0.8937225341796875
733	0	BMR	0.8798076923076923	0.6875	0.7391826923076923	0.7391826923076923
734	0	BMR	1.0814732142857142	0.9345703125	1.2677350725446428	1.2677350725446428
735	0	BMR	1.017578125	1.017578125	0.5956535339355469	0.5956535339355469
736	0	BMR	0.55859375	0.55859375	0.00048828125	0.00048828125
737	0	BMR	0.8623046875	0.8623046875	0.2428131103515625	0.2428131103515625
738	0	BMR	1.28125	1.28125	0.8746871948242188	0.8746871948242188
739	0	BMR	0.6766826923076923	0.48828125	0.6754807692307693	0.6754807692307693
740	0	BMR	1.1552083333333334	1.099609375	0.937255859375	0.937255859375
741	0	BMR	1.12890625	1.12890625	1.0017967224121094	1.0017967224121094
742	0	BMR	1.21875	1.21875	0.4661445617675781	0.4661445617675781
743	0	BMR	1.1458333333333333	1.08203125	1.2016682942708334	1.2016682942708334
744	0	BMR	0.8515625	0.8515625	0.21311569213867188	0.21311569213867188
745	0	BMR	1.2041666666666666	1.1484375	1.0425048828125	1.0425048828125
746	0	BMR	1.05859375	1.05859375	0.6694984436035156	0.6694984436035156
747	0	BMR	1.3837890625	1.3837890625	1.5784683227539062	1.5784683227539062
748	0	BMR	1.07421875	1.07421875	0.6806449890136719	0.6806449890136719
749	0	BMR	0.72265625	0.72265625	0.00048828125	0.00048828125
750	0	BMR	0.640625	0.578125	0.61953125	0.61953125
751	0	BMR	1.0666666666666667	0.984375	1.06556396484375	1.0631388346354167
752	0	BMR	1.1958333333333333	1.16796875	0.6719441731770833	0.6719441731770833
753	0	BMR	1.15	1.078125	1.1647216796875	1.1647216796875
754	0	BMR	0.9642857142857143	0.796875	1.024169921875	1.024169921875
755	0	BMR	1.2364583333333334	1.111328125	1.1918172200520833	1.1918172200520833
756	0	BMR	1.01171875	1.01171875	0.2607421875	0.2607421875
757	0	BMR	1.23046875	1.23046875	0.84039306640625	0.84039306640625
758	0	BMR	1.2578125	1.2578125	1.0877609252929688	1.0877609252929688
759	0	BMR	1.30859375	1.30859375	1.8143844604492188	1.8143844604492188
760	0	BMR	0.6640625	0.6640625	0.2981834411621094	0.2981834411621094
761	0	BMR	0.736328125	0.736328125	0.000888824462890625	0.000888824462890625
762	0	BMR	0.9903846153846154	0.740234375	0.9855018028846154	0.9855018028846154
763	0	BMR	1.0961538461538463	0.923828125	1.1380709134615385	1.1380709134615385
764	0	BMR	1.0291666666666666	0.98828125	0.6253824869791667	0.6253824869791667
765	0	BMR	1.1640625	1.1640625	1.12847900390625	1.12847900390625
766	0	BMR	0.97265625	0.97265625	0.4920158386230469	0.4920158386230469
767	0	BMR	0.7692307692307693	0.50390625	0.7266376201923077	0.7266376201923077
768	0	BMR	1.0791666666666666	1.05078125	0.3845703125	0.3845703125
769	0	BMR	1.234375	1.234375	0.762359619140625	0.762359619140625
770	0	BMR	0.9910714285714286	0.98828125	0.7281668526785714	0.7281668526785714
771	0	BMR	1.13671875	1.13671875	0.6219520568847656	0.6219520568847656
772	0	BMR	1.1845703125	1.1845703125	0.8208503723144531	0.8208503723144531
773	0	BMR	1.0044642857142858	0.8447265625	1.1721017020089286	1.1721017020089286
774	0	BMR	0.921875	0.921875	0.2512321472167969	0.2512321472167969
775	0	BMR	1.3125	1.3125	1.4130935668945312	1.4130935668945312
776	0	BMR	0.6318359375	0.6318359375	0.14208602905273438	0.14208602905273438
777	0	BMR	0.5892857142857143	0.5	0.61767578125	0.61767578125
778	0	BMR	1.140625	1.140625	1.1394384956359862	1.1263083076477045
779	0	BMR	0.9615384615384616	0.78515625	0.9725060096153846	0.9725060096153846
780	0	BMR	0.6490384615384616	0.4296875	0.6490384615384616	0.6490384615384616
781	0	BMR	1.21484375	1.21484375	0.953948974609375	0.953948974609375
782	0	BMR	0.796875	0.796875	0.000888824462890625	0.000888824462890625
783	0	BMR	1.0	0.73828125	1.0108173076923077	1.0108173076923077
784	0	BMR	0.98046875	0.98046875	0.4361534118652344	0.4361534118652344
785	0	BMR	0.8221153846153846	0.5546875	0.8588491586538461	0.8588491586538461
786	0	BMR	0.8193359375	0.8193359375	0.17118072509765625	0.17118072509765625
787	0	BMR	0.7444196428571429	0.634765625	0.9115513392857143	0.9115513392857143
788	0	BMR	0.9375	0.87890625	0.8913411458333333	0.8913411458333333
789	0	BMR	0.9572916666666667	0.9443359375	0.8025227864583333	0.8025227864583333
790	0	BMR	0.970703125	0.970703125	0.9183921813964844	0.9183921813964844
791	0	BMR	1.3203125	1.3203125	1.36322021484375	1.36322021484375
792	0	BMR	0.859375	0.859375	0.00160980224609375	0.00160980224609375
793	0	BMR	0.7919921875	0.7919921875	0.00160980224609375	0.00160980224609375
794	0	BMR	0.8636363636363636	0.5703125	0.8323863636363636	0.8323863636363636
795	0	BMR	1.18359375	1.18359375	0.8615646362304688	0.8615646362304688
796	0	BMR	0.72265625	0.72265625	0.002899169921875	0.002899169921875
797	0	BMR	1.21875	1.21875	1.0951919555664062	1.0951919555664062
798	0	BMR	1.005859375	1.005859375	0.3939399719238281	0.3939399719238281
799	0	BMR	1.15234375	1.15234375	1.1297988891601562	1.1297988891601562
800	0	BMR	0.884765625	0.884765625	0.28739166259765625	0.28739166259765625
801	0	BMR	1.3994140625	1.3994140625	1.4047393798828125	1.4047393798828125
802	0	BMR	0.720703125	0.720703125	0.720916748046875	0.720916748046875
803	0	BMR	1.28125	1.28125	1.3191642761230469	1.3191642761230469
804	0	BMR	1.1708333333333334	1.10546875	1.4652262369791667	1.4652262369791667
805	0	BMR	1.138671875	1.138671875	0.4223670959472656	0.4223670959472656
806	0	BMR	0.9663461538461539	0.69140625	0.9109074519230769	0.9109074519230769
807	0	BMR	0.94140625	0.94140625	0.16626358032226562	0.16626358032226562
808	0	BMR	0.837890625	0.837890625	0.8588371276855469	0.8588371276855469
809	0	BMR	0.9807692307692307	0.74609375	0.6746544471153846	0.6746544471153846
810	0	BMR	1.0375	0.9677734375	0.9025838216145833	0.9025838216145833
811	0	BMR	0.9552083333333333	0.947265625	0.7365926106770834	0.7365926106770834
812	0	BMR	1.126953125	1.126953125	0.9178581237792969	0.9178581237792969
813	0	BMR	1.1291666666666667	1.1005859375	1.3203125	1.3203125
814	0	BMR	1.2864583333333333	1.3095703125	1.18924560546875	1.18924560546875
815	0	BMR	1.2177083333333334	1.12890625	0.9115152994791667	0.9115152994791667
816	0	BMR	0.5989583333333334	0.3544921875	0.5989583333333334	0.5989583333333334
817	0	BMR	1.0100446428571428	0.9619140625	0.8514229910714286	0.8514229910714286
818	0	BMR	0.984375	0.890625	1.06806640625	1.06806640625
819	0	BMR	0.925	0.48828125	0.79375	0.79375
820	0	BMR	1.2841796875	1.2841796875	0.9899253845214844	0.9899253845214844
821	0	BMR	1.31640625	1.31640625	1.2464790344238281	1.2464790344238281
822	0	BMR	1.078125	1.078125	0.5255317687988281	0.5255317687988281
823	0	BMR	1.03125	1.03125	0.43703460693359375	0.43703460693359375
824	0	BMR	1.140625	1.140625	0.8609352111816406	0.8609352111816406
825	0	BMR	0.70703125	0.70703125	0.000457763671875	0.000457763671875
826	0	BMR	1.2041666666666666	1.06640625	1.0029296875	1.0029296875
827	0	BMR	1.0673828125	1.0673828125	0.8152008056640625	0.8152008056640625
828	0	BMR	0.640625	0.640625	0.00048828125	0.00048828125
829	0	BMR	0.89453125	0.89453125	0.2662086486816406	0.2662086486816406
830	0	BMR	1.06640625	1.06640625	0.8535690307617188	0.8535690307617188
831	0	BMR	1.1259765625	1.1259765625	0.7120857238769531	0.7120857238769531
832	0	BMR	0.7791666666666667	0.7158203125	0.7070597330729167	0.7070597330729167
833	0	BMR	0.8839285714285714	0.734375	0.8832484654017857	0.8832484654017857
834	0	BMR	1.2333984375	1.2333984375	0.4868507385253906	0.4868507385253906
835	0	BMR	1.1611328125	1.1611328125	0.4293975830078125	0.4293975830078125
836	0	BMR	1.19921875	1.19921875	0.7977104187011719	0.7977104187011719
837	0	BMR	0.8846153846153846	0.5859375	0.9132361778846154	0.9132361778846154
838	0	BMR	1.1375	1.05078125	0.99322509765625	0.99322509765625
839	0	BMR	1.0537109375	1.0537109375	0.6951484680175781	0.6951484680175781
840	0	BMR	1.05859375	1.05859375	0.9031715393066406	0.9031715393066406
841	0	BMR	1.1666666666666667	1.162109375	1.1365763346354167	1.1365763346354167
842	0	BMR	0.95	0.875	0.6464192708333333	0.6464192708333333
843	0	BMR	0.95703125	0.95703125	0.6527137756347656	0.6527137756347656
844	0	BMR	0.64453125	0.64453125	0.5982933044433594	0.5982933044433594
845	0	BMR	1.0546875	1.0546875	0.9828147888183594	0.9828147888183594
846	0	BMR	1.0078125	1.0078125	0.14752197265625	0.14752197265625
847	0	BMR	0.94921875	0.94921875	0.3750267028808594	0.3750267028808594
848	0	BMR	1.2431640625	1.2431640625	1.0822029113769531	1.0822029113769531
849	0	BMR	1.2109375	1.2109375	1.071136474609375	1.071136474609375
850	0	BMR	0.71484375	0.71484375	0.004955291748046875	0.004955291748046875
851	0	BMR	1.003125	0.9638671875	0.9727457682291667	0.9727457682291667
852	0	BMR	1.1625	1.1884765625	0.9767252604166666	0.9767252604166666
853	0	BMR	0.79296875	0.79296875	0.00083160400390625	0.00083160400390625
854	0	BMR	0.9760416666666667	0.8994140625	0.34378255208333336	0.34378255208333336
855	0	BMR	0.921875	0.921875	0.2391510009765625	0.2391510009765625
856	0	BMR	1.109375	1.0244140625	0.14270833333333333	0.14270833333333333
857	0	BMR	1.2548828125	1.2548828125	0.4416961669921875	0.4416961669921875
858	0	BMR	1.1229166666666666	1.076171875	0.6827433268229167	0.6827433268229167
859	0	BMR	1.0580357142857142	0.873046875	1.2221330915178572	1.2221330915178572
860	0	BMR	1.1854166666666666	1.1162109375	0.814013671875	0.814013671875
861	0	BMR	0.921875	0.921875	0.4412193298339844	0.4412193298339844
862	0	BMR	1.1517857142857142	1.0390625	1.2650495256696428	1.2650495256696428
863	0	BMR	0.9822916666666667	0.9052734375	1.0422037760416667	1.0422037760416667
864	0	BMR	1.2583333333333333	1.1640625	0.7964070638020834	0.7964070638020834
865	0	BMR	1.16796875	1.16796875	1.1646614074707031	1.1646614074707031
866	0	BMR	0.6376953125	0.6376953125	0.06524276733398438	0.06524276733398438
867	0	BMR	1.1484375	1.1484375	1.3562049865722656	1.3562049865722656
868	0	BMR	1.0333333333333334	0.9453125	0.48021240234375	0.48021240234375
869	0	BMR	1.1635416666666667	1.0634765625	1.3200032552083334	1.3200032552083334
870	0	BMR	1.3056640625	1.3056640625	1.1779365539550781	1.1779365539550781
871	0	BMR	0.87109375	0.87109375	0.645111083984375	0.645111083984375
872	0	BMR	1.26171875	1.26171875	0.4095458984375	0.4095458984375
873	0	BMR	0.8459821428571429	0.626953125	0.8172956194196429	0.8172956194196429
874	0	BMR	1.1484375	1.1484375	0.6407470703125	0.6407470703125
875	0	BMR	0.83203125	0.83203125	0.7491378784179688	0.7491378784179688
876	0	BMR	0.75	0.75	0.000888824462890625	0.000888824462890625
877	0	BMR	0.71484375	0.71484375	0.06438827514648438	0.06438827514648438
878	0	BMR	0.658203125	0.658203125	0.00048828125	0.00048828125
879	0	BMR	1.2587890625	1.2587890625	0.7190017700195312	0.7190017700195312
880	0	BMR	0.734375	0.734375	0.001583099365234375	0.001583099365234375
881	0	BMR	1.2208333333333334	1.14453125	1.27900390625	1.27900390625
882	0	BMR	0.896484375	0.896484375	0.3909187316894531	0.3909187316894531
883	0	BMR	0.8056640625	0.8056640625	0.10005950927734375	0.10005950927734375
884	0	BMR	0.84375	0.84375	0.17216110229492188	0.17216110229492188
885	0	BMR	0.7314453125	0.7314453125	0.09778976440429688	0.09778976440429688
886	0	BMR	1.0333333333333334	0.96875	1.1331827799479166	1.1331827799479166
887	0	BMR	1.15234375	1.15234375	0.6203765869140625	0.6203765869140625
888	0	BMR	1.0625	1.08984375	0.94677734375	0.94677734375
889	0	BMR	1.1640625	1.1640625	1.1615333557128906	1.1615333557128906
890	0	BMR	0.6240234375	0.6240234375	0.062957763671875	0.062957763671875
891	0	BMR	0.98046875	0.98046875	0.8848762512207031	0.8848762512207031
892	0	BMR	1.0546875	1.0546875	0.8688125610351562	0.8688125610351562
893	0	BMR	1.2416666666666667	1.115234375	1.3044881184895833	1.3044881184895833
894	0	BMR	1.033203125	1.033203125	0.8624076843261719	0.8624076843261719
895	0	BMR	1.109375	1.109375	0.7041816711425781	0.7041816711425781
896	0	BMR	1.1375	1.06640625	0.88125	0.88125
897	0	BMR	1.1160714285714286	0.98046875	0.8512137276785714	0.8512137276785714
898	0	BMR	0.8875	0.8330078125	0.9884440104166666	0.9884440104166666
899	0	BMR	1.1728515625	1.1728515625	0.7428703308105469	0.7428703308105469
900	0	BMR	1.1634615384615385	0.875	1.2958608774038463	1.2958608774038463
901	0	BMR	1.314453125	1.314453125	0.6985816955566406	0.6985816955566406
902	0	BMR	0.8020833333333334	0.79296875	0.5741536458333333	0.5741536458333333
903	0	BMR	1.2916666666666667	1.17578125	1.0016072591145833	1.0016072591145833
904	0	BMR	0.9375	0.9375	0.9269447326660156	0.9269447326660156
905	0	BMR	1.3359375	1.3359375	1.0374526977539062	1.0365142822265625
906	0	BMR	0.71875	0.71875	0.277252197265625	0.277252197265625
907	0	BMR	1.0234375	1.0234375	0.451263427734375	0.451263427734375
908	0	BMR	1.0517578125	1.0517578125	0.8045578002929688	0.8045578002929688
909	0	BMR	0.962890625	0.962890625	0.00083160400390625	0.00083160400390625
910	0	BMR	1.2208333333333334	1.09765625	0.73026123046875	0.73026123046875
911	0	BMR	1.059375	1.0634765625	0.6530029296875	0.6530029296875
912	0	BMR	0.734375	0.734375	0.000888824462890625	0.000888824462890625
913	0	BMR	1.0677083333333333	0.9697265625	0.8388671875	0.8388671875
914	0	BMR	1.1640625	1.1640625	1.0851287841796875	1.0851287841796875
915	0	BMR	0.6005859375	0.6005859375	0.000888824462890625	0.000888824462890625
916	0	BMR	1.0576171875	1.0576171875	0.9317398071289062	0.9317398071289062
917	0	BMR	1.0502232142857142	0.9296875	0.9097726004464286	0.9097726004464286
918	0	BMR	1.0625	1.0625	0.354095458984375	0.354095458984375
919	0	BMR	1.078125	1.078125	0.4516334533691406	0.4516334533691406
920	0	BMR	0.609375	0.609375	0.00160980224609375	0.00160980224609375
921	0	BMR	0.7646484375	0.7646484375	0.3010826110839844	0.3010826110839844
922	0	BMR	1.2511160714285714	1.1572265625	1.4788818359375	1.4788818359375
923	0	BMR	0.9583333333333334	0.9296875	0.5146158854166667	0.5146158854166667
924	0	BMR	1.1958333333333333	1.1015625	1.2095418294270834	1.2095418294270834
925	0	BMR	1.1796875	1.1796875	0.471954345703125	0.471954345703125
926	0	BMR	1.0703125	1.0703125	0.6333427429199219	0.6333427429199219
927	0	BMR	1.0947265625	1.0947265625	0.7509918212890625	0.7509918212890625
928	0	BMR	1.03125	1.03125	0.8253593444824219	0.8253593444824219
929	0	BMR	0.908203125	0.908203125	0.28194427490234375	0.28194427490234375
930	0	BMR	1.1216517857142858	1.0390625	0.8271833147321429	0.8271833147321429
931	0	BMR	0.9814453125	0.9814453125	0.23874664306640625	0.23874664306640625
932	0	BMR	1.0357142857142858	0.9423828125	1.0181361607142858	1.0181361607142858
933	0	BMR	0.7625	0.65625	0.8684611002604167	0.8684611002604167
934	0	BMR	0.99609375	0.99609375	0.36804962158203125	0.36804962158203125
935	0	BMR	0.90234375	0.90234375	0.24124908447265625	0.24124908447265625
936	0	BMR	0.7723214285714286	0.6796875	0.8468191964285714	0.8468191964285714
937	0	BMR	1.1328125	1.1328125	0.9514274597167969	0.9514274597167969
938	0	BMR	0.8928571428571429	0.72265625	0.8762555803571429	0.8762555803571429
939	0	BMR	0.7568359375	0.7568359375	0.00048828125	0.00048828125
940	0	BMR	0.8203125	0.8203125	0.2509880065917969	0.2509880065917969
941	0	BMR	1.09375	1.056640625	0.15441487630208334	0.15441487630208334
942	0	BMR	1.1806640625	1.1806640625	0.7803192138671875	0.7803192138671875
943	0	BMR	0.7578125	0.7578125	0.3963432312011719	0.3963432312011719
944	0	BMR	1.015625	1.015625	0.2113189697265625	0.2113189697265625
945	0	BMR	0.97265625	0.97265625	0.15351486206054688	0.15351486206054688
946	0	BMR	1.159375	1.0869140625	1.0306722005208333	1.0284505208333334
947	0	BMR	1.00390625	1.00390625	0.8711090087890625	0.8711090087890625
948	0	BMR	1.34765625	1.34765625	1.6375389099121094	1.6375389099121094
949	0	BMR	0.7470703125	0.7470703125	0.00048828125	0.00048828125
950	0	BMR	1.2511160714285714	1.0947265625	1.0589773995535714	1.0589773995535714
951	0	BMR	1.2265625	1.2265625	1.1236305236816406	1.1236305236816406
952	0	BMR	0.9501953125	0.9501953125	0.5937042236328125	0.5937042236328125
953	0	BMR	0.8221153846153846	0.65234375	0.8425480769230769	0.8425480769230769
954	0	BMR	0.71484375	0.71484375	0.250335693359375	0.250335693359375
955	0	BMR	0.88671875	0.88671875	0.00083160400390625	0.00083160400390625
956	0	BMR	0.7919921875	0.7919921875	0.3094444274902344	0.3094444274902344
957	0	BMR	1.1328125	1.1328125	0.6749839782714844	0.6749839782714844
958	0	BMR	0.7578125	0.5859375	0.5714285714285714	0.5714285714285714
959	0	BMR	1.0341796875	1.0341796875	0.42086029052734375	0.42086029052734375
960	0	BMR	0.890625	0.890625	0.22790908813476562	0.22790908813476562
961	0	BMR	1.05859375	1.05859375	0.683837890625	0.683837890625
962	0	BMR	1.1103515625	1.1103515625	0.8515281677246094	0.8509101867675781
963	0	BMR	1.30078125	1.30078125	1.558319091796875	1.558319091796875
964	0	BMR	0.8697916666666666	0.69921875	0.8294270833333334	0.8294270833333334
965	0	BMR	0.7644230769230769	0.5615234375	0.71484375	0.71484375
966	0	BMR	1.0888671875	1.0888671875	0.3851127624511719	0.3851127624511719
967	0	BMR	1.015625	1.015625	0.2678184509277344	0.2678184509277344
968	0	BMR	1.2229166666666667	1.1748046875	1.0664103190104166	1.0664103190104166
969	0	BMR	0.7939453125	0.7939453125	0.187896728515625	0.187896728515625
970	0	BMR	0.8984375	0.8984375	0.9322280883789062	0.9322280883789062
971	0	BMR	0.9296875	0.9296875	0.3757171630859375	0.3757171630859375
972	0	BMR	1.1439732142857142	1.103515625	0.9360525948660714	0.9360525948660714
973	0	BMR	1.13671875	1.13671875	1.3188552856445312	1.3188552856445312
974	0	BMR	1.3416666666666666	1.2578125	1.3211588541666666	1.3211588541666666
975	0	BMR	0.939453125	0.939453125	0.4369697570800781	0.4369697570800781
976	0	BMR	0.9296875	0.9296875	0.3317413330078125	0.3317413330078125
977	0	BMR	0.6669921875	0.6669921875	0.000888824462890625	0.000888824462890625
978	0	BMR	1.26171875	1.26171875	1.2880516052246094	1.2880516052246094
979	0	BMR	1.05078125	1.05078125	0.9663848876953125	0.9663848876953125
980	0	BMR	0.70703125	0.70703125	0.172271728515625	0.172271728515625
981	0	BMR	1.40234375	1.40234375	1.5972251892089844	1.5972251892089844
982	0	BMR	0.9663461538461539	0.83984375	0.7352764423076923	0.7352764423076923
983	0	BMR	0.9775390625	0.9775390625	0.11395645141601562	0.11395645141601562
984	0	BMR	1.15625	1.15625	0.5611648559570312	0.5611648559570312
985	0	BMR	0.75	0.75	0.7958984375	0.7958984375
986	0	BMR	0.8466796875	0.8466796875	0.12545394897460938	0.12545394897460938
987	0	BMR	0.76171875	0.76171875	0.12577438354492188	0.12577438354492188
988	0	BMR	0.8166666666666667	0.77734375	0.8296875	0.8296875
989	0	BMR	1.1875	1.1875	0.3821907043457031	0.3821907043457031
990	0	BMR	0.7019230769230769	0.5849609375	0.6953125	0.6953125
991	0	BMR	1.1875	1.1875	0.7928810119628906	0.7928810119628906
992	0	BMR	1.0491071428571428	0.87109375	0.8565325055803571	0.8565325055803571
993	0	BMR	1.284375	1.267578125	1.0772013346354166	1.0772013346354166
994	0	BMR	0.63671875	0.63671875	0.000888824462890625	0.000888824462890625
995	0	BMR	0.9375	0.78125	0.29447115384615385	0.29447115384615385
996	0	BMR	1.0770089285714286	0.9697265625	0.9217006138392857	0.9217006138392857
997	0	BMR	1.0810546875	1.0810546875	0.7270927429199219	0.7270927429199219
998	0	BMR	0.98828125	0.98828125	0.4299507141113281	0.4299507141113281
999	0	BMR	1.1328125	1.1328125	1.3013534545898438	1.3013534545898438
