model_number	attractor_number	attractor_length	attractor_basin_size
7	1	1	16
7	2	1	16
8	1	1	4628128
8	2	1	95680
8	3	1	139504
8	4	1	2771968
8	5	1	3213840
8	6	1	4541056
8	7	1	4269760
8	8	1	2548736
8	9	1	176048
8	10	1	56064
8	11	1	25888
8	12	1	762240
8	13	1	76656
8	14	1	9330208
8	15	1	357056
8	16	1	26752
8	17	1	27648
8	18	1	155888
8	19	1	33120
8	20	1	9264
8	21	1	11536
8	22	1	227744
8	23	1	32784
8	24	1	304
8	25	1	17744
8	26	1	7424
8	27	1	11392
8	28	1	662824
8	29	1	18752
8	30	1	10176
8	31	1	1692800
8	32	1	65008
8	33	1	1228672
8	34	1	4770208
8	35	1	113536
8	36	1	723408
8	37	1	429800
8	38	1	1692800
8	39	1	252872
8	40	1	53352
8	41	1	1791344
8	42	1	650096
8	43	1	347600
8	44	1	104320
8	45	1	289176
8	46	1	23232
8	47	1	4032
8	48	1	252872
8	49	1	813216
8	50	1	1876760
8	51	1	4960
8	52	1	496728
8	53	1	458368
8	54	1	152192
8	55	1	3440
8	56	1	11840
8	57	1	4317904
8	58	1	502112
8	59	1	168824
8	60	1	5504
8	61	1	1219968
8	62	1	332120
8	63	1	1983576
8	64	1	218128
8	65	1	65008
8	66	1	32208
8	67	1	57264
8	68	1	53352
8	69	1	50064
8	70	1	869280
8	71	1	3168976
8	72	1	3440
8	73	1	7984
8	74	1	13360
8	75	1	790656
8	76	1	18240
8	77	1	55488
8	78	1	9888
8	79	1	3712
8	80	1	15248
8	81	1	4704
8	82	1	7520
8	83	1	3296
8	84	1	16128
8	85	1	6944
8	86	1	170480
8	87	1	26912
8	88	1	46336
8	89	1	4768
8	90	1	4960
8	91	1	4032
8	92	1	4032
8	93	1	11744
8	94	1	1920
8	95	1	768
8	96	1	4960
8	97	1	27104
8	98	1	6048
8	99	1	97136
8	100	1	6592
8	101	1	128
8	102	1	8896
8	103	1	160
8	104	1	33600
8	105	1	15248
8	106	1	37888
8	107	1	4704
8	108	1	9024
8	109	1	1600
8	110	1	768
8	111	1	4768
8	112	1	24576
8	113	1	3466440
8	114	1	2345664
8	115	1	101952
8	116	1	2561664
8	117	1	9514176
8	118	1	3550152
8	119	1	36672
8	120	1	21344
8	121	1	545256
8	122	1	926160
8	123	1	352464
8	124	1	400192
8	125	1	636520
8	126	1	182080
8	127	1	3545680
8	128	1	75360
8	129	1	3475280
8	130	1	360984
8	131	1	83056
8	132	1	563192
8	133	1	4544
8	134	1	99640
8	135	1	75992
8	136	1	8400
8	137	1	158576
8	138	1	20352
8	139	1	20416
8	140	1	22640
8	141	1	4768
8	142	1	6816
8	143	1	7008
8	144	1	284960
8	145	1	7680
8	146	1	25424
8	147	1	7680
8	148	1	4960
8	149	1	4816
8	150	1	38624
8	151	1	6848
8	152	1	6919232
8	153	1	226088
8	154	1	4084128
8	155	1	7057480
8	156	1	1195952
8	157	1	1705088
8	158	1	2384448
8	159	1	477936
8	160	1	148352
8	161	1	657776
8	162	1	16800
8	163	1	1593072
8	164	1	1462256
8	165	1	2515392
8	166	1	159504
8	167	1	1614000
8	168	1	37632
8	169	1	93040
8	170	1	188576
8	171	1	130224
8	172	1	65344
8	173	1	198432
8	174	1	52528
8	175	1	16800
8	176	1	7984
8	177	1	84816
8	178	1	14496
8	179	1	120384
8	180	1	7744
8	181	1	23264
8	182	1	16800
8	183	1	27552
8	184	1	7888
8	185	1	4960
8	186	1	6096
8	187	1	10880
8	188	1	10784
8	189	1	288
8	190	1	14912
8	191	1	91376
8	192	1	21984
8	193	1	39136
8	194	1	9920
8	195	1	18560
8	196	1	14528
8	197	1	2384448
8	198	1	65344
8	199	1	93040
8	200	1	7057480
8	201	1	159504
8	202	1	2515392
8	203	1	1462256
8	204	1	6919232
8	205	1	657776
8	206	1	188576
8	207	1	130224
8	208	1	37632
8	209	1	1195952
8	210	1	16800
8	211	1	1593072
8	212	1	1614000
8	213	1	1705088
8	214	1	7984
8	215	1	477936
8	216	1	52528
8	217	1	226088
8	218	1	198432
8	219	1	148352
8	220	1	4084128
8	221	1	16800
8	222	1	21984
8	223	1	18560
8	224	1	39136
8	225	1	9920
8	226	1	91376
8	227	1	14528
8	228	1	14912
8	229	1	27552
8	230	1	6096
8	231	1	7888
8	232	1	10784
8	233	1	10880
8	234	1	288
8	235	1	16800
8	236	1	84816
8	237	1	120384
8	238	1	14496
8	239	1	23264
8	240	1	4960
8	241	1	7744
8	242	1	3475280
8	243	1	99640
8	244	1	9514176
8	245	1	352464
8	246	1	3545680
8	247	1	563192
8	248	1	75992
8	249	1	2345664
8	250	1	3466440
8	251	1	545256
8	252	1	182080
8	253	1	636520
8	254	1	360984
8	255	1	3550152
8	256	1	8400
8	257	1	926160
8	258	1	2561664
8	259	1	400192
8	260	1	75360
8	261	1	83056
8	262	1	4544
8	263	1	21344
8	264	1	36672
8	265	1	101952
8	266	1	38624
8	267	1	6848
8	268	1	25424
8	269	1	284960
8	270	1	4816
8	271	1	4960
8	272	1	7680
8	273	1	7680
8	274	1	7008
8	275	1	20416
8	276	1	158576
8	277	1	20352
8	278	1	22640
8	279	1	4768
8	280	1	6816
8	281	1	1983576
8	282	1	1219968
8	283	1	55488
8	284	1	3168976
8	285	1	4770208
8	286	1	1876760
8	287	1	4317904
8	288	1	813216
8	289	1	1228672
8	290	1	18240
8	291	1	13360
8	292	1	790656
8	293	1	7984
8	294	1	347600
8	295	1	332120
8	296	1	1791344
8	297	1	502112
8	298	1	113536
8	299	1	650096
8	300	1	218128
8	301	1	289176
8	302	1	50064
8	303	1	32208
8	304	1	11840
8	305	1	104320
8	306	1	1692800
8	307	1	65008
8	308	1	869280
8	309	1	1692800
8	310	1	252872
8	311	1	53352
8	312	1	168824
8	313	1	662824
8	314	1	252872
8	315	1	3440
8	316	1	496728
8	317	1	429800
8	318	1	723408
8	319	1	458368
8	320	1	65008
8	321	1	53352
8	322	1	23232
8	323	1	18752
8	324	1	57264
8	325	1	3440
8	326	1	4960
8	327	1	5504
8	328	1	97136
8	329	1	37888
8	330	1	24576
8	331	1	27104
8	332	1	15248
8	333	1	4704
8	334	1	33600
8	335	1	6592
8	336	1	4768
8	337	1	9024
8	338	1	8896
8	339	1	6048
8	340	1	4960
8	341	1	11744
8	342	1	1600
8	343	1	1920
8	344	1	160
8	345	1	128
8	346	1	152192
8	347	1	4032
8	348	1	10176
8	349	1	768
8	350	1	768
8	351	1	170480
8	352	1	4032
8	353	1	16128
8	354	1	7520
8	355	1	46336
8	356	1	6944
8	357	1	4032
8	358	1	3296
8	359	1	4960
8	360	1	26912
8	361	1	9888
8	362	1	15248
8	363	1	4704
8	364	1	4768
8	365	1	3712
8	366	1	9330208
8	367	1	4541056
8	368	1	4628128
8	369	1	762240
8	370	1	3213840
8	371	1	2771968
8	372	1	2548736
8	373	1	4269760
8	374	1	56064
8	375	1	139504
8	376	1	176048
8	377	1	95680
8	378	1	357056
8	379	1	76656
8	380	1	25888
8	381	1	227744
8	382	1	11392
8	383	1	32784
8	384	1	17744
8	385	1	33120
8	386	1	11536
8	387	1	7424
8	388	1	9264
8	389	1	304
8	390	1	155888
8	391	1	26752
8	392	1	27648
10	1	1	290
10	2	1	538
10	3	1	998
10	4	1	4933
10	5	1	505
10	6	1	699
10	7	1	7
10	8	1	222
10	9	1	5073
10	10	1	3119
10	11	1	3119
10	12	1	5073
10	13	1	4933
10	14	1	699
10	15	1	505
10	16	1	538
10	17	1	290
10	18	1	998
10	19	1	222
10	20	1	7
22	1	1	19244
22	2	1	7116
22	3	1	47520
22	4	1	48252
22	5	1	710
22	6	1	4204
22	7	1	718
22	8	1	2240
22	9	1	350
22	10	1	718
22	11	1	14204
22	12	1	10672
22	13	1	47520
22	14	1	49312
22	15	1	1208
22	16	1	276
22	17	1	1754
22	18	1	1176
22	19	1	1460
22	20	1	2188
22	21	1	1176
22	22	1	126
22	23	1	23448
22	24	1	7116
22	25	1	49760
22	26	1	48252
22	27	1	710
22	28	1	718
22	29	1	350
22	30	1	718
22	31	1	17312
22	32	1	7608
22	33	1	49708
22	34	1	49312
22	35	1	3064
22	36	1	718
22	37	1	458
22	38	1	1590
22	39	1	718
22	40	1	458
22	41	1	126
22	42	1	57192
22	43	1	56008
22	44	1	7180
22	45	1	308
22	46	1	756
22	47	1	428
22	48	1	7608
22	49	1	290
22	50	1	180
22	51	1	404
22	52	1	428
22	53	1	290
22	54	1	53380
22	55	1	60572
22	56	1	3796
22	57	1	1692
22	58	1	784
22	59	1	668
22	60	1	1335
22	61	1	7608
22	62	1	419
22	63	1	692
22	64	1	73
22	65	1	53
22	66	1	57192
22	67	1	55860
22	68	1	14788
22	69	1	279
22	70	1	431
22	71	1	29
22	72	1	325
22	73	1	428
22	74	1	290
22	75	1	57
22	76	1	73
22	77	1	1
22	78	1	17
22	79	1	153
22	80	1	197
22	81	1	27
22	82	1	207
22	83	1	428
22	84	1	290
22	85	1	54276
22	86	1	57068
22	87	1	11568
22	88	1	441
22	89	1	323
22	90	1	2916
22	91	1	29
22	92	1	325
22	93	1	369
22	94	1	428
22	95	1	290
22	96	1	419
22	97	1	1171
22	98	1	371
22	99	1	27
22	100	1	207
22	101	1	428
22	102	1	290
22	103	1	73
22	104	1	53
22	105	1	73208
22	106	1	7116
22	107	1	48252
22	108	1	279
22	109	1	431
22	110	1	428
22	111	1	290
22	112	1	153
22	113	1	197
22	114	1	428
22	115	1	290
22	116	1	67020
22	117	1	7608
22	118	1	49312
22	119	1	3064
22	120	1	428
22	121	1	116
22	122	1	290
22	123	1	342
22	124	1	419
22	125	1	1171
22	126	1	428
22	127	1	116
22	128	1	290
22	129	1	342
22	130	1	73
22	131	1	53
22	132	1	83144
22	133	1	46200
22	134	1	1728
22	135	1	68736
22	136	1	10672
22	137	1	46200
22	138	1	3112
22	139	1	544
22	140	1	632
22	141	1	544
22	142	1	632
22	143	1	57192
22	144	1	47132
22	145	1	14788
22	146	1	8728
22	147	1	710
22	148	1	354
22	149	1	718
22	150	1	130
22	151	1	18
22	152	1	350
22	153	1	234
22	154	1	718
22	155	1	54276
22	156	1	47520
22	157	1	11568
22	158	1	812
22	159	1	692
22	160	1	9548
22	161	1	2188
22	162	1	728
22	163	1	354
22	164	1	718
22	165	1	1590
22	166	1	234
22	167	1	718
22	168	1	126
22	169	1	57192
22	170	1	7658
22	171	1	39474
22	172	1	16224
22	173	1	946
22	174	1	1186
22	175	1	1064
22	176	1	6726
22	177	1	18
22	178	1	584
22	179	1	54276
22	180	1	8046
22	181	1	39474
22	182	1	13284
22	183	1	1530
22	184	1	1410
22	185	1	2822
22	186	1	2188
22	187	1	728
22	188	1	6726
22	189	1	354
22	190	1	234
22	191	1	6726
22	192	1	2822
22	193	1	13284
22	194	1	39474
22	195	1	8046
22	196	1	54276
22	197	1	1530
22	198	1	354
22	199	1	234
22	200	1	728
22	201	1	2188
22	202	1	1410
22	203	1	6726
22	204	1	1186
22	205	1	16224
22	206	1	946
22	207	1	39474
22	208	1	7658
22	209	1	57192
22	210	1	1064
22	211	1	584
22	212	1	18
22	213	1	9548
22	214	1	11568
22	215	1	47520
22	216	1	54276
22	217	1	812
22	218	1	354
22	219	1	234
22	220	1	718
22	221	1	728
22	222	1	2188
22	223	1	1590
22	224	1	126
22	225	1	692
22	226	1	718
22	227	1	8728
22	228	1	14788
22	229	1	47132
22	230	1	57192
22	231	1	130
22	232	1	354
22	233	1	234
22	234	1	710
22	235	1	350
22	236	1	718
22	237	1	718
22	238	1	18
22	239	1	46200
22	240	1	3112
22	241	1	68736
22	242	1	632
22	243	1	10672
22	244	1	544
22	245	1	632
22	246	1	544
22	247	1	46200
22	248	1	1728
22	249	1	83144
22	250	1	49312
22	251	1	67020
22	252	1	342
22	253	1	3064
22	254	1	116
22	255	1	290
22	256	1	428
22	257	1	7608
22	258	1	1171
22	259	1	53
22	260	1	419
22	261	1	73
22	262	1	342
22	263	1	116
22	264	1	290
22	265	1	428
22	266	1	48252
22	267	1	73208
22	268	1	431
22	269	1	197
22	270	1	279
22	271	1	153
22	272	1	290
22	273	1	428
22	274	1	7116
22	275	1	290
22	276	1	428
22	277	1	57068
22	278	1	11568
22	279	1	54276
22	280	1	371
22	281	1	325
22	282	1	207
22	283	1	441
22	284	1	290
22	285	1	428
22	286	1	27
22	287	1	2916
22	288	1	1171
22	289	1	53
22	290	1	419
22	291	1	73
22	292	1	29
22	293	1	369
22	294	1	323
22	295	1	290
22	296	1	428
22	297	1	55860
22	298	1	14788
22	299	1	57192
22	300	1	73
22	301	1	325
22	302	1	57
22	303	1	207
22	304	1	431
22	305	1	197
22	306	1	279
22	307	1	153
22	308	1	290
22	309	1	428
22	310	1	27
22	311	1	29
22	312	1	290
22	313	1	428
22	314	1	17
22	315	1	1
22	316	1	60572
22	317	1	7608
22	318	1	53380
22	319	1	692
22	320	1	1692
22	321	1	3796
22	322	1	1335
22	323	1	53
22	324	1	419
22	325	1	73
22	326	1	668
22	327	1	784
22	328	1	56008
22	329	1	7608
22	330	1	57192
22	331	1	7180
22	332	1	756
22	333	1	404
22	334	1	308
22	335	1	180
22	336	1	290
22	337	1	428
22	338	1	290
22	339	1	428
22	340	1	49312
22	341	1	49708
22	342	1	458
22	343	1	3064
22	344	1	17312
22	345	1	718
22	346	1	7608
22	347	1	1590
22	348	1	126
22	349	1	458
22	350	1	718
22	351	1	48252
22	352	1	49760
22	353	1	23448
22	354	1	710
22	355	1	350
22	356	1	718
22	357	1	7116
22	358	1	718
22	359	1	49312
22	360	1	47520
22	361	1	1176
22	362	1	10672
22	363	1	14204
22	364	1	2188
22	365	1	1460
22	366	1	1754
22	367	1	1208
22	368	1	126
22	369	1	1176
22	370	1	276
22	371	1	48252
22	372	1	47520
22	373	1	4204
22	374	1	19244
22	375	1	710
22	376	1	350
22	377	1	2240
22	378	1	718
22	379	1	7116
22	380	1	718
23	1	1	216
23	2	1	4
23	3	1	26
23	4	1	123
23	5	1	90
23	6	1	10
23	7	1	32
23	8	1	1
23	9	1	10
23	10	1	90
23	11	1	123
23	12	1	32
23	13	1	216
23	14	1	10
23	15	1	26
23	16	1	4
23	17	1	10
23	18	1	1
31	1	1	80
31	2	1	18
31	3	1	80
31	4	1	18
31	5	6	316
40	1	1	196
40	2	1	92362
40	3	1	572
40	4	1	146150
40	5	1	420
40	6	1	1884
40	7	1	196
40	8	1	572
40	9	1	2304
40	10	1	76432
40	11	1	29696
40	12	1	80372
40	13	1	8813
40	14	1	2152
40	15	1	11016
40	16	1	8044
40	17	1	136
40	18	1	1208
40	19	1	4032
40	20	1	576
40	21	1	1728
40	22	1	214
40	23	1	2218
40	24	1	7296
40	25	1	5888
40	26	1	1280
40	27	1	6144
40	28	1	864
40	29	1	9
40	30	1	74
40	31	1	208
40	32	1	168
40	33	1	2904
40	34	1	9216
40	35	1	3584
40	36	1	3512
40	37	1	764
40	38	1	1208
40	39	1	4352
40	40	1	5204
40	41	1	72
40	42	1	4
40	43	1	72
40	44	1	172
40	45	1	196
40	46	1	35944
40	47	1	115518
40	48	1	151026
40	49	1	420
40	50	1	75196
40	51	1	196
40	52	1	8325
40	53	1	5858
40	54	1	8862
40	55	1	8880
40	56	1	21408
40	57	1	2774
40	58	1	7644
40	59	1	108
40	60	1	548
40	61	1	311
40	62	1	80
40	63	1	1456
40	64	1	186
40	65	1	336
40	66	1	7488
40	67	1	10752
40	68	1	17856
40	69	1	1472
40	70	1	1536
40	71	1	2880
40	72	1	8192
40	73	1	1536
40	74	1	7680
40	75	1	168
40	76	1	1344
40	77	1	3008
40	78	1	704
40	79	1	1088
40	80	1	2816
40	81	1	4352
40	82	1	6144
40	83	1	616
40	84	1	51516
40	85	1	2456
40	86	1	60228
40	87	1	3072
40	88	1	35068
40	89	1	91700
40	90	1	156068
40	91	1	20736
40	92	1	19446
40	93	1	2570
40	94	1	8718
40	95	1	5376
40	96	1	2304
40	97	1	9728
40	98	1	3392
40	99	1	960
40	100	1	4096
40	101	1	926
40	102	1	256
40	103	1	8960
40	104	1	2496
40	105	1	320
40	106	1	2048
40	107	1	12288
40	108	1	7092
40	109	1	1968
40	110	1	9514
40	111	1	76
40	112	1	80
40	113	1	214
40	114	1	616
40	115	1	21044
40	116	1	187166
40	117	1	79484
40	118	1	7292
40	119	1	16260
40	120	1	13056
40	121	1	73446
40	122	1	4308
40	123	1	25418
40	124	1	2128
40	125	1	3748
40	126	1	328
40	127	1	3896
40	128	1	72
40	129	1	1080
40	130	1	288
40	131	1	4576
40	132	1	25344
40	133	1	8064
40	134	1	4352
40	135	1	1152
40	136	1	6144
40	137	1	1152
40	138	1	5760
40	139	1	586
40	140	1	220
40	141	1	380
40	142	1	4
40	143	1	44
40	144	1	2688
40	145	1	384
40	146	1	2048
40	147	1	384
40	148	1	1920
40	149	1	4352
40	150	1	1792
40	151	1	7168
40	152	1	4608
40	153	1	1536
40	154	1	196
40	155	1	58598
40	156	1	572
40	157	1	178154
40	158	1	2304
40	159	1	768
40	160	1	2304
40	161	1	75756
40	162	1	29696
40	163	1	18576
40	164	1	68784
40	165	1	992
40	166	1	7808
40	167	1	2468
40	168	1	2260
40	169	1	1344
40	170	1	4032
40	171	1	576
40	172	1	1728
40	173	1	2432
40	174	1	7296
40	175	1	5888
40	176	1	1280
40	177	1	10700
40	178	1	6144
40	179	1	176
40	180	1	1920
40	181	1	96
40	182	1	208
40	183	1	3072
40	184	1	9216
40	185	1	3568
40	186	1	3368
40	187	1	752
40	188	1	1208
40	189	1	4260
40	190	1	4976
40	191	1	16
40	192	1	216
40	193	1	16
40	194	1	72
40	195	1	92
40	196	1	400
40	197	1	196
40	198	1	19324
40	199	1	110620
40	200	1	166916
40	201	1	44030
40	202	1	52994
40	203	1	2242
40	204	1	6590
40	205	1	6720
40	206	1	9002
40	207	1	7120
40	208	1	1744
40	209	1	8000
40	210	1	7852
40	211	1	340
40	212	1	1518
40	213	1	18
40	214	1	214
40	215	1	7488
40	216	1	10752
40	217	1	17856
40	218	1	1472
40	219	1	1536
40	220	1	2880
40	221	1	8192
40	222	1	1536
40	223	1	7680
40	224	1	1344
40	225	1	3008
40	226	1	704
40	227	1	1088
40	228	1	2816
40	229	1	4352
40	230	1	6144
40	231	1	3072
40	232	1	37218
40	233	1	74526
40	234	1	3072
40	235	1	121812
40	236	1	133502
40	237	1	20736
40	238	1	31504
40	239	1	3460
40	240	1	18508
40	241	1	5376
40	242	1	2304
40	243	1	9728
40	244	1	3392
40	245	1	960
40	246	1	4096
40	247	1	2466
40	248	1	304
40	249	1	2740
40	250	1	8960
40	251	1	2496
40	252	1	320
40	253	1	2048
40	254	1	32
40	255	1	32
40	256	1	12288
40	257	1	6920
40	258	1	1960
40	259	1	9100
40	260	1	248
40	261	1	88
40	262	1	628
40	263	1	392
40	264	1	79046
40	265	1	14004
40	266	1	87164
40	267	1	135914
40	268	1	9122
40	269	1	84844
40	270	1	4344
40	271	1	14430
40	272	1	1488
40	273	1	3960
40	274	1	264
40	275	1	3960
40	276	1	1134
40	277	1	18
40	278	1	198
40	279	1	4666
40	280	1	25344
40	281	1	8064
40	282	1	4352
40	283	1	1152
40	284	1	6144
40	285	1	1152
40	286	1	5760
40	287	1	432
40	288	1	52
40	289	1	8
40	290	1	384
40	291	1	8
40	292	1	2688
40	293	1	352
40	294	1	2048
40	295	1	352
40	296	1	1920
40	297	1	32
40	298	1	32
40	299	1	4352
40	300	1	1792
40	301	1	7168
40	302	1	4608
40	303	1	1144
40	304	1	392
40	305	1	392
40	306	1	79046
40	307	1	1144
40	308	1	135914
40	309	1	4608
40	310	1	84844
40	311	1	25344
40	312	1	87164
40	313	1	14004
40	314	1	1920
40	315	1	5760
40	316	1	2048
40	317	1	6144
40	318	1	7168
40	319	1	4352
40	320	1	1488
40	321	1	52
40	322	1	432
40	323	1	9122
40	324	1	14430
40	325	1	1792
40	326	1	4352
40	327	1	2688
40	328	1	8064
40	329	1	4344
40	330	1	4666
40	331	1	3960
40	332	1	3960
40	333	1	198
40	334	1	8
40	335	1	264
40	336	1	8
40	337	1	32
40	338	1	352
40	339	1	1152
40	340	1	32
40	341	1	352
40	342	1	1152
40	343	1	384
40	344	1	1134
40	345	1	18
40	346	1	392
40	347	1	31504
40	348	1	121812
40	349	1	133502
40	350	1	37218
40	351	1	74526
40	352	1	6920
40	353	1	2466
40	354	1	9100
40	355	1	2740
40	356	1	628
40	357	1	248
40	358	1	8960
40	359	1	12288
40	360	1	20736
40	361	1	9728
40	362	1	5376
40	363	1	3460
40	364	1	18508
40	365	1	1960
40	366	1	304
40	367	1	88
40	368	1	2304
40	369	1	2048
40	370	1	4096
40	371	1	2496
40	372	1	3392
40	373	1	32
40	374	1	32
40	375	1	320
40	376	1	960
40	377	1	3072
40	378	1	3072
40	379	1	6144
40	380	1	44030
40	381	1	52994
40	382	1	110620
40	383	1	166916
40	384	1	17856
40	385	1	19324
40	386	1	7680
40	387	1	8192
40	388	1	4352
40	389	1	3008
40	390	1	1744
40	391	1	7120
40	392	1	7488
40	393	1	2816
40	394	1	1344
40	395	1	6720
40	396	1	8000
40	397	1	2242
40	398	1	6590
40	399	1	1088
40	400	1	2880
40	401	1	704
40	402	1	1472
40	403	1	10752
40	404	1	9002
40	405	1	7852
40	406	1	214
40	407	1	340
40	408	1	1536
40	409	1	1536
40	410	1	1518
40	411	1	18
40	412	1	196
40	413	1	58598
40	414	1	18576
40	415	1	68784
40	416	1	178154
40	417	1	75756
40	418	1	3568
40	419	1	1920
40	420	1	4260
40	421	1	400
40	422	1	4976
40	423	1	216
40	424	1	3368
40	425	1	29696
40	426	1	9216
40	427	1	7296
40	428	1	4032
40	429	1	2260
40	430	1	176
40	431	1	92
40	432	1	16
40	433	1	3072
40	434	1	2432
40	435	1	1344
40	436	1	2468
40	437	1	10700
40	438	1	992
40	439	1	7808
40	440	1	1208
40	441	1	752
40	442	1	208
40	443	1	96
40	444	1	72
40	445	1	1728
40	446	1	16
40	447	1	576
40	448	1	6144
40	449	1	5888
40	450	1	1280
40	451	1	2304
40	452	1	2304
40	453	1	768
40	454	1	572
40	455	1	196
40	456	1	1536
40	457	1	187166
40	458	1	25418
40	459	1	4608
40	460	1	73446
40	461	1	25344
40	462	1	21044
40	463	1	79484
40	464	1	13056
40	465	1	1920
40	466	1	5760
40	467	1	2048
40	468	1	6144
40	469	1	7168
40	470	1	4352
40	471	1	586
40	472	1	2128
40	473	1	7292
40	474	1	16260
40	475	1	1792
40	476	1	4352
40	477	1	2688
40	478	1	8064
40	479	1	4308
40	480	1	4576
40	481	1	3748
40	482	1	3896
40	483	1	44
40	484	1	288
40	485	1	220
40	486	1	328
40	487	1	384
40	488	1	1152
40	489	1	384
40	490	1	1152
40	491	1	380
40	492	1	1080
40	493	1	4
40	494	1	72
40	495	1	616
40	496	1	35068
40	497	1	156068
40	498	1	8718
40	499	1	91700
40	500	1	51516
40	501	1	7092
40	502	1	60228
40	503	1	926
40	504	1	9514
40	505	1	214
40	506	1	76
40	507	1	8960
40	508	1	12288
40	509	1	20736
40	510	1	9728
40	511	1	5376
40	512	1	2570
40	513	1	19446
40	514	1	1968
40	515	1	256
40	516	1	80
40	517	1	2304
40	518	1	2048
40	519	1	4096
40	520	1	2496
40	521	1	3392
40	522	1	320
40	523	1	960
40	524	1	3072
40	525	1	2456
40	526	1	616
40	527	1	6144
40	528	1	75196
40	529	1	21408
40	530	1	115518
40	531	1	151026
40	532	1	17856
40	533	1	35944
40	534	1	7680
40	535	1	8192
40	536	1	4352
40	537	1	3008
40	538	1	2774
40	539	1	7488
40	540	1	2816
40	541	1	1344
40	542	1	168
40	543	1	186
40	544	1	108
40	545	1	5858
40	546	1	8862
40	547	1	8325
40	548	1	1088
40	549	1	2880
40	550	1	704
40	551	1	1472
40	552	1	311
40	553	1	10752
40	554	1	8880
40	555	1	7644
40	556	1	336
40	557	1	548
40	558	1	1536
40	559	1	1536
40	560	1	1456
40	561	1	80
40	562	1	420
40	563	1	196
40	564	1	196
40	565	1	92362
40	566	1	80372
40	567	1	8044
40	568	1	76432
40	569	1	3584
40	570	1	146150
40	571	1	864
40	572	1	4352
40	573	1	5204
40	574	1	172
40	575	1	3512
40	576	1	72
40	577	1	29696
40	578	1	9216
40	579	1	7296
40	580	1	4032
40	581	1	2904
40	582	1	2218
40	583	1	1208
40	584	1	168
40	585	1	214
40	586	1	136
40	587	1	2152
40	588	1	11016
40	589	1	8813
40	590	1	1208
40	591	1	764
40	592	1	208
40	593	1	72
40	594	1	1728
40	595	1	74
40	596	1	9
40	597	1	4
40	598	1	576
40	599	1	6144
40	600	1	5888
40	601	1	1280
40	602	1	2304
40	603	1	1884
40	604	1	420
40	605	1	572
40	606	1	196
40	607	1	572
40	608	1	196
61	1	1	8355080
61	2	1	934813
61	3	1	224549
61	4	1	36446
61	5	1	4634875
61	6	1	214515
61	7	1	171473
61	8	1	683873
61	9	1	3681015
61	10	1	2931994
61	11	1	2893723
61	12	1	4161238
61	13	1	210258
61	14	1	115319
61	15	1	289398
61	16	1	565192
61	17	1	2931994
61	18	1	3681015
61	19	1	115319
61	20	1	289398
61	21	1	4161238
61	22	1	2893723
61	23	1	565192
61	24	1	210258
61	25	1	8355080
61	26	1	4634875
61	27	1	214515
61	28	1	224549
61	29	1	934813
61	30	1	683873
61	31	1	171473
61	32	1	36446
61	33	2	564
61	34	2	93594
61	35	2	34838
61	36	2	344953
61	37	2	147949
61	38	2	179530
61	39	2	62111
61	40	2	133205
61	41	2	176287
61	42	2	147592
61	43	2	137252
61	44	2	160989
61	45	2	304270
61	46	2	68948
61	47	2	784
61	48	2	784
61	49	2	160989
61	50	2	304270
61	51	2	137252
61	52	2	147592
61	53	2	68948
61	54	2	176287
61	55	2	133205
61	56	2	179530
61	57	2	147949
61	58	2	93594
61	59	2	344953
61	60	2	62111
61	61	2	564
61	62	2	34838
61	63	4	272136
61	64	4	252712
61	65	4	225749
61	66	4	209863
61	67	4	277179
61	68	4	114567
61	69	4	105599
61	70	4	114567
61	71	4	105599
61	72	4	277179
61	73	4	225749
61	74	4	209863
61	75	4	272136
61	76	4	252712
63	1	1	764
63	2	1	209
63	3	1	14
63	4	1	37
63	5	1	915
63	6	1	21
63	7	1	13
63	8	1	3
63	9	1	72
63	10	1	209
63	11	1	764
63	12	1	37
63	13	1	14
63	14	1	928
63	15	1	96
63	16	1	928
63	17	1	96
63	18	1	764
63	19	1	209
63	20	1	14
63	21	1	37
63	22	1	915
63	23	1	72
63	24	1	13
63	25	1	3
63	26	1	21
63	27	1	209
63	28	1	764
63	29	1	37
63	30	1	14
67	1	1	84
67	2	1	222
67	3	1	60
67	4	1	36
67	5	1	12
67	6	1	30
67	7	1	10
67	8	1	10
67	9	1	6
67	10	1	38
67	11	1	2
67	12	1	2
67	13	1	20
67	14	1	10
67	15	1	440
67	16	1	12
67	17	1	6
67	18	1	12
67	19	1	6
67	20	1	4
67	21	1	2
67	22	1	70
67	23	1	254
67	24	1	50
67	25	1	30
67	26	1	10
67	27	1	30
67	28	1	10
67	29	1	10
67	30	1	48
67	31	1	20
67	32	1	464
67	33	1	12
67	34	1	12
67	35	1	4
67	36	1	48
67	37	1	384
67	38	1	16
67	39	1	16
67	40	1	32
67	41	1	16
67	42	1	16
67	43	1	408
67	44	1	8
67	45	1	80
67	46	1	16
67	47	1	432
67	48	1	8
67	49	1	32
67	50	1	16
67	51	1	8
67	52	1	416
67	53	1	96
67	54	1	416
67	55	1	96
67	56	1	32
67	57	1	432
67	58	1	16
67	59	1	8
67	60	1	8
67	61	1	16
67	62	1	408
67	63	1	80
67	64	1	8
67	65	1	16
67	66	1	32
67	67	1	384
67	68	1	16
67	69	1	16
67	70	1	16
67	71	1	48
67	72	1	464
67	73	1	12
67	74	1	20
67	75	1	4
67	76	1	12
67	77	1	48
67	78	1	254
67	79	1	30
67	80	1	30
67	81	1	70
67	82	1	10
67	83	1	50
67	84	1	10
67	85	1	10
67	86	1	440
67	87	1	12
67	88	1	6
67	89	1	20
67	90	1	10
67	91	1	4
67	92	1	2
67	93	1	12
67	94	1	6
67	95	1	38
67	96	1	222
67	97	1	30
67	98	1	6
67	99	1	36
67	100	1	84
67	101	1	10
67	102	1	2
67	103	1	60
67	104	1	10
67	105	1	2
67	106	1	12
69	1	1	728064
69	2	1	209120
69	3	1	39840
69	4	1	4704
69	5	1	8480
69	6	1	25600
69	7	1	722704
69	8	1	217600
69	9	1	44544
69	10	1	22960
69	11	1	5360
69	12	1	2640
69	13	1	722704
69	14	1	217600
69	15	1	22960
69	16	1	2640
69	17	1	5360
69	18	1	44544
69	19	1	728064
69	20	1	209120
69	21	1	25600
69	22	1	39840
69	23	1	8480
69	24	1	4704
69	25	2	1024
69	26	2	1024
69	27	2	1024
69	28	2	1024
69	29	8	31744
69	30	8	31744
69	31	8	31744
69	32	8	31744
74	1	1	15660
74	2	1	15660
74	3	1	8460
74	4	1	2700
74	5	1	5220
74	6	1	2820
74	7	1	7020
74	8	1	864
74	9	1	480
74	10	1	288
74	11	1	160
74	12	1	4860
74	13	1	1620
74	14	1	1620
74	15	1	540
74	16	1	288
74	17	1	96
74	18	1	96
74	19	1	32
74	20	1	1620
74	21	1	2430
74	22	1	810
74	23	1	288
74	24	1	96
74	25	1	96
74	26	1	32
74	27	1	4050
74	28	1	3240
74	29	1	2430
74	30	1	540
74	31	1	810
74	32	1	270
74	33	1	3780
74	34	1	1260
74	35	1	1260
74	36	1	420
74	37	1	1620
74	38	1	900
74	39	1	540
74	40	1	300
74	41	1	540
74	42	1	180
74	43	1	180
74	44	1	60
74	45	1	540
74	46	1	180
74	47	1	180
74	48	1	60
74	49	1	8460
74	50	1	1620
74	51	1	3240
74	52	1	540
74	53	1	1044
74	54	1	180
74	55	1	468
74	56	1	108
74	57	1	162
74	58	1	54
74	59	1	270
74	60	1	216
74	61	1	162
74	62	1	36
74	63	1	54
74	64	1	18
74	65	1	564
74	66	1	108
74	67	1	216
74	68	1	36
74	69	1	7020
74	70	1	3780
74	71	1	2340
74	72	1	360
74	73	1	120
74	74	1	216
74	75	1	72
74	76	1	2430
74	77	1	1620
74	78	1	810
74	79	1	540
74	80	1	144
74	81	1	96
74	82	1	48
74	83	1	32
74	84	1	4860
74	85	1	2700
74	86	1	900
74	87	1	1620
74	88	1	675
74	89	1	225
74	90	1	405
74	91	1	135
74	92	1	270
74	93	1	180
74	94	1	90
74	95	1	60
74	96	1	1260
74	97	1	810
74	98	1	1620
74	99	1	270
74	100	1	540
74	101	1	48
74	102	1	96
74	103	1	16
74	104	1	32
74	105	1	1620
74	106	1	540
74	107	1	90
74	108	1	180
74	109	1	30
74	110	1	60
74	111	1	252
74	112	1	324
74	113	1	108
74	114	1	84
74	115	1	108
74	116	1	36
74	117	1	810
74	118	1	225
74	119	1	315
74	120	1	90
74	121	1	135
74	122	1	45
74	123	1	450
74	124	1	180
74	125	1	180
74	126	1	135
74	127	1	180
74	128	1	225
74	129	1	90
74	130	1	135
74	131	1	45
74	132	1	378
74	133	1	105
74	134	1	147
74	135	1	42
74	136	1	63
74	137	1	21
74	138	1	210
74	139	1	84
74	140	1	84
74	141	1	63
74	142	1	84
74	143	1	105
74	144	1	42
74	145	1	63
74	146	1	21
74	147	1	450
74	148	1	90
74	149	1	270
74	150	1	180
74	151	1	90
74	152	1	210
74	153	1	42
74	154	1	126
74	155	1	84
74	156	1	42
74	157	1	54
74	158	1	15
74	159	1	21
74	160	1	6
74	161	1	9
74	162	1	3
74	163	1	30
74	164	1	12
74	165	1	12
74	166	1	9
74	167	1	12
74	168	1	15
74	169	1	6
74	170	1	9
74	171	1	3
74	172	1	54
74	173	1	15
74	174	1	21
74	175	1	6
74	176	1	9
74	177	1	3
74	178	1	30
74	179	1	12
74	180	1	12
74	181	1	9
74	182	1	12
74	183	1	15
74	184	1	6
74	185	1	9
74	186	1	3
74	187	1	30
74	188	1	6
74	189	1	18
74	190	1	12
74	191	1	6
74	192	1	30
74	193	1	6
74	194	1	18
74	195	1	12
74	196	1	6
74	197	1	270
74	198	1	270
74	199	1	270
74	200	1	270
74	201	1	126
74	202	1	126
74	203	1	126
74	204	1	126
74	205	1	90
74	206	1	90
74	207	1	90
74	208	1	90
74	209	1	42
74	210	1	42
74	211	1	42
74	212	1	42
74	213	1	18
74	214	1	18
74	215	1	18
74	216	1	18
74	217	1	18
74	218	1	18
74	219	1	18
74	220	1	18
74	221	1	6
74	222	1	6
74	223	1	6
74	224	1	6
74	225	1	6
74	226	1	6
74	227	1	6
74	228	1	6
74	229	1	756
74	230	1	420
74	231	1	252
74	232	1	140
74	233	1	252
74	234	1	84
74	235	1	84
74	236	1	28
74	237	1	252
74	238	1	84
74	239	1	84
74	240	1	28
74	241	1	315
74	242	1	105
74	243	1	189
74	244	1	63
74	245	1	126
74	246	1	84
74	247	1	42
74	248	1	28
74	249	1	42
74	250	1	84
74	251	1	14
74	252	1	28
74	253	1	1044
74	254	1	564
74	255	1	348
74	256	1	188
74	257	1	108
74	258	1	60
74	259	1	36
74	260	1	20
74	261	1	324
74	262	1	108
74	263	1	108
74	264	1	36
74	265	1	36
74	266	1	12
74	267	1	12
74	268	1	4
74	269	1	36
74	270	1	12
74	271	1	12
74	272	1	4
74	273	1	252
74	274	1	84
74	275	1	84
74	276	1	28
74	277	1	108
74	278	1	60
74	279	1	36
74	280	1	20
74	281	1	36
74	282	1	12
74	283	1	12
74	284	1	4
74	285	1	36
74	286	1	12
74	287	1	12
74	288	1	4
74	289	1	468
74	290	1	156
74	291	1	45
74	292	1	15
74	293	1	27
74	294	1	9
74	295	1	162
74	296	1	108
74	297	1	54
74	298	1	36
74	299	1	18
74	300	1	12
74	301	1	6
74	302	1	4
74	303	1	180
74	304	1	60
74	305	1	45
74	306	1	15
74	307	1	27
74	308	1	9
74	309	1	18
74	310	1	12
74	311	1	6
74	312	1	4
74	313	1	54
74	314	1	108
74	315	1	18
74	316	1	36
74	317	1	6
74	318	1	12
74	319	1	2
74	320	1	4
74	321	1	6
74	322	1	12
74	323	1	2
74	324	1	4
74	325	1	432
74	326	1	120
74	327	1	168
74	328	1	48
74	329	1	72
74	330	1	24
74	331	1	240
74	332	1	96
74	333	1	96
74	334	1	72
74	335	1	96
74	336	1	120
74	337	1	48
74	338	1	72
74	339	1	24
74	340	1	240
74	341	1	48
74	342	1	144
74	343	1	96
74	344	1	48
74	345	1	144
74	346	1	144
74	347	1	144
74	348	1	144
74	349	1	48
74	350	1	48
74	351	1	48
74	352	1	48
74	353	1	5220
74	354	1	900
74	355	1	2340
74	356	1	540
74	357	1	810
74	358	1	270
74	359	1	1350
74	360	1	1080
74	361	1	810
74	362	1	180
74	363	1	270
74	364	1	90
74	365	1	2820
74	366	1	540
74	367	1	1080
74	368	1	180
74	369	1	348
74	370	1	60
74	371	1	156
74	372	1	36
74	373	1	54
74	374	1	18
74	375	1	90
74	376	1	72
74	377	1	54
74	378	1	12
74	379	1	18
74	380	1	6
74	381	1	188
74	382	1	36
74	383	1	72
74	384	1	12
74	385	1	1260
74	386	1	1620
74	387	1	540
74	388	1	420
74	389	1	540
74	390	1	180
74	391	1	84
74	392	1	108
74	393	1	36
74	394	1	28
74	395	1	36
74	396	1	12
74	397	1	270
74	398	1	75
74	399	1	105
74	400	1	30
74	401	1	45
74	402	1	15
74	403	1	150
74	404	1	60
74	405	1	60
74	406	1	45
74	407	1	60
74	408	1	75
74	409	1	30
74	410	1	45
74	411	1	15
74	412	1	126
74	413	1	35
74	414	1	49
74	415	1	14
74	416	1	21
74	417	1	7
74	418	1	70
74	419	1	28
74	420	1	28
74	421	1	21
74	422	1	28
74	423	1	35
74	424	1	14
74	425	1	21
74	426	1	7
74	427	1	150
74	428	1	30
74	429	1	90
74	430	1	60
74	431	1	30
74	432	1	70
74	433	1	14
74	434	1	42
74	435	1	28
74	436	1	14
74	437	1	18
74	438	1	5
74	439	1	7
74	440	1	2
74	441	1	3
74	442	1	1
74	443	1	10
74	444	1	4
74	445	1	4
74	446	1	3
74	447	1	4
74	448	1	5
74	449	1	2
74	450	1	3
74	451	1	1
74	452	1	18
74	453	1	5
74	454	1	7
74	455	1	2
74	456	1	3
74	457	1	1
74	458	1	10
74	459	1	4
74	460	1	4
74	461	1	3
74	462	1	4
74	463	1	5
74	464	1	2
74	465	1	3
74	466	1	1
74	467	1	10
74	468	1	2
74	469	1	6
74	470	1	4
74	471	1	2
74	472	1	10
74	473	1	2
74	474	1	6
74	475	1	4
74	476	1	2
74	477	1	90
74	478	1	90
74	479	1	90
74	480	1	90
74	481	1	42
74	482	1	42
74	483	1	42
74	484	1	42
74	485	1	30
74	486	1	30
74	487	1	30
74	488	1	30
74	489	1	14
74	490	1	14
74	491	1	14
74	492	1	14
74	493	1	6
74	494	1	6
74	495	1	6
74	496	1	6
74	497	1	6
74	498	1	6
74	499	1	6
74	500	1	6
74	501	1	2
74	502	1	2
74	503	1	2
74	504	1	2
74	505	1	2
74	506	1	2
74	507	1	2
74	508	1	2
74	509	1	144
74	510	1	40
74	511	1	56
74	512	1	16
74	513	1	24
74	514	1	8
74	515	1	80
74	516	1	32
74	517	1	32
74	518	1	24
74	519	1	32
74	520	1	40
74	521	1	16
74	522	1	24
74	523	1	8
74	524	1	80
74	525	1	16
74	526	1	48
74	527	1	32
74	528	1	16
74	529	1	48
74	530	1	48
74	531	1	48
74	532	1	48
74	533	1	16
74	534	1	16
74	535	1	16
74	536	1	16
74	537	1	2430
74	538	1	3240
74	539	1	810
74	540	1	1080
74	541	1	4050
74	542	1	1350
74	543	1	240
74	544	1	144
74	545	1	80
74	546	1	48
74	547	1	1620
74	548	1	540
74	549	1	540
74	550	1	180
74	551	1	144
74	552	1	48
74	553	1	48
74	554	1	16
74	555	1	120
74	556	1	96
74	557	1	40
74	558	1	32
74	559	1	72
74	560	1	24
74	561	1	144
74	562	1	48
74	563	1	48
74	564	1	16
74	565	1	432
74	566	1	240
74	567	1	144
74	568	1	80
74	569	1	144
74	570	1	48
74	571	1	48
74	572	1	16
74	573	1	144
74	574	1	48
74	575	1	48
74	576	1	16
74	577	1	450
74	578	1	270
74	579	1	150
74	580	1	90
74	581	1	270
74	582	1	90
74	583	1	90
74	584	1	30
74	585	1	225
74	586	1	180
74	587	1	75
74	588	1	60
74	589	1	135
74	590	1	45
74	591	1	270
74	592	1	90
74	593	1	90
74	594	1	30
74	595	1	810
74	596	1	450
74	597	1	270
74	598	1	150
74	599	1	270
74	600	1	90
74	601	1	90
74	602	1	30
74	603	1	270
74	604	1	90
74	605	1	90
74	606	1	30
74	607	1	3240
74	608	1	1080
74	609	1	96
74	610	1	32
74	611	1	96
74	612	1	32
74	613	1	810
74	614	1	540
74	615	1	270
74	616	1	180
74	617	1	72
74	618	1	48
74	619	1	24
74	620	1	16
74	621	1	96
74	622	1	32
74	623	1	168
74	624	1	56
74	625	1	120
74	626	1	40
74	627	1	72
74	628	1	48
74	629	1	24
74	630	1	16
74	631	1	180
74	632	1	60
74	633	1	180
74	634	1	60
74	635	1	135
74	636	1	90
74	637	1	45
74	638	1	30
74	639	1	180
74	640	1	60
74	641	1	315
74	642	1	105
74	643	1	225
74	644	1	75
74	645	1	135
74	646	1	90
74	647	1	45
74	648	1	30
74	649	1	270
74	650	1	540
74	651	1	90
74	652	1	180
74	653	1	24
74	654	1	48
74	655	1	8
74	656	1	16
74	657	1	24
74	658	1	48
74	659	1	8
74	660	1	16
74	661	1	45
74	662	1	90
74	663	1	15
74	664	1	30
74	665	1	45
74	666	1	90
74	667	1	15
74	668	1	30
74	669	1	1620
74	670	1	405
74	671	1	675
74	672	1	180
74	673	1	270
74	674	1	90
74	675	1	756
74	676	1	189
74	677	1	315
74	678	1	84
74	679	1	126
74	680	1	42
74	681	1	900
74	682	1	180
74	683	1	420
74	684	1	84
74	685	1	108
74	686	1	27
74	687	1	45
74	688	1	12
74	689	1	18
74	690	1	6
74	691	1	108
74	692	1	27
74	693	1	45
74	694	1	12
74	695	1	18
74	696	1	6
74	697	1	60
74	698	1	12
74	699	1	60
74	700	1	12
74	701	1	540
74	702	1	540
74	703	1	252
74	704	1	252
74	705	1	180
74	706	1	180
74	707	1	84
74	708	1	84
74	709	1	36
74	710	1	36
74	711	1	36
74	712	1	36
74	713	1	12
74	714	1	12
74	715	1	12
74	716	1	12
74	717	1	210
74	718	1	126
74	719	1	70
74	720	1	42
74	721	1	126
74	722	1	42
74	723	1	42
74	724	1	14
74	725	1	105
74	726	1	84
74	727	1	35
74	728	1	28
74	729	1	63
74	730	1	21
74	731	1	126
74	732	1	42
74	733	1	42
74	734	1	14
74	735	1	378
74	736	1	210
74	737	1	126
74	738	1	70
74	739	1	126
74	740	1	42
74	741	1	42
74	742	1	14
74	743	1	126
74	744	1	42
74	745	1	42
74	746	1	14
74	747	1	84
74	748	1	28
74	749	1	84
74	750	1	28
74	751	1	63
74	752	1	42
74	753	1	21
74	754	1	14
74	755	1	84
74	756	1	28
74	757	1	147
74	758	1	49
74	759	1	105
74	760	1	35
74	761	1	63
74	762	1	42
74	763	1	21
74	764	1	14
74	765	1	21
74	766	1	42
74	767	1	7
74	768	1	14
74	769	1	21
74	770	1	42
74	771	1	7
74	772	1	14
74	773	1	162
74	774	1	216
74	775	1	54
74	776	1	72
74	777	1	270
74	778	1	90
74	779	1	30
74	780	1	18
74	781	1	10
74	782	1	6
74	783	1	108
74	784	1	36
74	785	1	36
74	786	1	12
74	787	1	18
74	788	1	6
74	789	1	6
74	790	1	2
74	791	1	15
74	792	1	12
74	793	1	5
74	794	1	4
74	795	1	9
74	796	1	3
74	797	1	18
74	798	1	6
74	799	1	6
74	800	1	2
74	801	1	54
74	802	1	30
74	803	1	18
74	804	1	10
74	805	1	18
74	806	1	6
74	807	1	6
74	808	1	2
74	809	1	18
74	810	1	6
74	811	1	6
74	812	1	2
74	813	1	30
74	814	1	18
74	815	1	10
74	816	1	6
74	817	1	18
74	818	1	6
74	819	1	6
74	820	1	2
74	821	1	15
74	822	1	12
74	823	1	5
74	824	1	4
74	825	1	9
74	826	1	3
74	827	1	18
74	828	1	6
74	829	1	6
74	830	1	2
74	831	1	54
74	832	1	30
74	833	1	18
74	834	1	10
74	835	1	18
74	836	1	6
74	837	1	6
74	838	1	2
74	839	1	18
74	840	1	6
74	841	1	6
74	842	1	2
74	843	1	216
74	844	1	72
74	845	1	12
74	846	1	4
74	847	1	12
74	848	1	4
74	849	1	54
74	850	1	36
74	851	1	18
74	852	1	12
74	853	1	9
74	854	1	6
74	855	1	3
74	856	1	2
74	857	1	12
74	858	1	4
74	859	1	21
74	860	1	7
74	861	1	15
74	862	1	5
74	863	1	9
74	864	1	6
74	865	1	3
74	866	1	2
74	867	1	12
74	868	1	4
74	869	1	12
74	870	1	4
74	871	1	9
74	872	1	6
74	873	1	3
74	874	1	2
74	875	1	12
74	876	1	4
74	877	1	21
74	878	1	7
74	879	1	15
74	880	1	5
74	881	1	9
74	882	1	6
74	883	1	3
74	884	1	2
74	885	1	18
74	886	1	36
74	887	1	6
74	888	1	12
74	889	1	3
74	890	1	6
74	891	1	1
74	892	1	2
74	893	1	3
74	894	1	6
74	895	1	1
74	896	1	2
74	897	1	3
74	898	1	6
74	899	1	1
74	900	1	2
74	901	1	3
74	902	1	6
74	903	1	1
74	904	1	2
74	905	1	864
74	906	1	216
74	907	1	360
74	908	1	96
74	909	1	144
74	910	1	48
74	911	1	480
74	912	1	96
74	913	1	288
74	914	1	288
74	915	1	96
74	916	1	96
74	917	1	540
74	918	1	135
74	919	1	225
74	920	1	60
74	921	1	90
74	922	1	30
74	923	1	252
74	924	1	63
74	925	1	105
74	926	1	28
74	927	1	42
74	928	1	14
74	929	1	300
74	930	1	60
74	931	1	140
74	932	1	28
74	933	1	36
74	934	1	9
74	935	1	15
74	936	1	4
74	937	1	6
74	938	1	2
74	939	1	36
74	940	1	9
74	941	1	15
74	942	1	4
74	943	1	6
74	944	1	2
74	945	1	20
74	946	1	4
74	947	1	20
74	948	1	4
74	949	1	180
74	950	1	180
74	951	1	84
74	952	1	84
74	953	1	60
74	954	1	60
74	955	1	28
74	956	1	28
74	957	1	12
74	958	1	12
74	959	1	12
74	960	1	12
74	961	1	4
74	962	1	4
74	963	1	4
74	964	1	4
74	965	1	288
74	966	1	72
74	967	1	120
74	968	1	32
74	969	1	48
74	970	1	16
74	971	1	160
74	972	1	32
74	973	1	96
74	974	1	96
74	975	1	32
74	976	1	32
85	1	1	3002368
85	2	1	341576
85	3	1	1276344
85	4	1	144
85	5	1	17264
85	6	1	48
85	7	1	10576
85	8	1	48
85	9	1	11216
85	10	1	144
85	11	1	34288
85	12	1	3008
85	13	1	1444
85	14	1	1408
85	15	1	3868
85	16	1	14400
85	17	1	9340
85	18	1	9856
85	19	1	30404
85	20	1	6052
85	21	1	169990
85	22	1	4024
85	23	1	2032504
85	24	1	3172
85	25	1	149080
85	26	1	6624
85	27	1	8372
85	28	1	7832
85	29	1	10756
85	30	1	20560
85	31	1	50854
85	32	1	39908
85	33	1	2642
85	34	1	7176
85	35	1	1152
85	36	1	1706
85	37	1	732
85	38	1	4620288
85	39	1	192
85	40	1	28480
85	41	1	36
85	42	1	9628
85	43	1	108
85	44	1	30164
85	45	1	4416
85	46	1	1220
85	47	1	3132
85	48	1	24256
85	49	1	8604
85	50	1	26980
85	51	1	9224
85	52	1	615278
85	53	1	3414
85	54	1	1622452
85	55	1	5478
85	56	1	19128
85	57	1	6830
85	58	1	18974
85	59	1	139642
85	60	1	3794
85	61	1	5828
85	62	1	2438
85	63	1	12
85	64	1	948
85	65	1	36
85	66	1	4124
85	67	1	224
85	68	1	736
85	69	1	736
85	70	1	3424
85	71	1	610
85	72	1	64964
85	73	1	1146
85	74	1	1002
85	75	1	1586
85	76	1	1348
85	77	1	2306048
85	78	1	267208
85	79	1	990264
85	80	1	9856
85	81	1	10624
85	82	1	6016
85	83	1	13440
85	84	1	752
85	85	1	16656
85	86	1	296
85	87	1	10488
85	88	1	272
85	89	1	10992
85	90	1	856
85	91	1	33416
85	92	1	3280
85	93	1	20992
85	94	1	1968
85	95	1	4720
85	96	1	2832
85	97	1	124032
85	98	1	1206272
85	99	1	105600
85	100	1	35712
85	101	1	27520
85	102	1	178176
85	103	1	14912
85	104	1	52672
85	105	1	63024
85	106	1	266240
85	107	1	58176
85	108	1	16848
85	109	1	13504
85	110	1	29792
85	111	1	1392
85	112	1	10032
85	113	1	32256
85	114	1	864
85	115	1	3744
85	116	1	4256
85	117	1	6784
85	118	1	2016
85	119	1	33792
85	120	1	7680
85	121	1	7168
85	122	1	25088
85	123	1	622592
85	124	1	4640
85	125	1	2976
85	126	1	4928
85	127	1	2336
85	128	1	240
85	129	1	240
85	130	1	6144
85	131	1	384
85	132	1	1664
85	133	1	6144
85	134	1	384
85	135	1	1664
85	136	1	8256
85	137	1	1824
85	138	1	1280
85	139	1	4768
85	140	1	13824
85	141	1	2304
85	142	1	2560
85	143	1	9984
85	144	1	1328
85	145	1	2368
85	146	1	304
85	147	1	1168
85	148	1	208
85	149	1	960
85	150	1	480
85	151	1	256
85	152	1	1296
85	153	1	2240
85	154	1	336
85	155	1	608
85	156	1	816
85	157	1	176
85	158	1	3563520
85	159	1	15872
85	160	1	9664
85	161	1	11456
85	162	1	1024
85	163	1	27648
85	164	1	240
85	165	1	9584
85	166	1	672
85	167	1	29440
85	168	1	8000
85	169	1	18816
85	170	1	4800
85	171	1	383264
85	172	1	979968
85	173	1	88800
85	174	1	245760
85	175	1	121200
85	176	1	242688
85	177	1	30352
85	178	1	960
85	179	1	1984
85	180	1	56
85	181	1	904
85	182	1	184
85	183	1	3976
85	184	1	2176
85	185	1	47104
85	186	1	23552
85	187	1	41216
85	188	1	36864
85	189	1	4256
85	190	1	8800
85	191	1	40960
85	192	1	5504
85	193	1	18048
85	194	1	454656
85	195	1	142080
85	196	1	25856
85	197	1	2176
85	198	1	7040
85	199	1	4640
85	200	1	7904
85	201	1	2816
85	202	1	8192
85	203	1	8192
85	204	1	9536
85	205	1	1280
85	206	1	3296
85	207	1	16384
85	208	1	1632
85	209	1	7072
85	210	1	1632
85	211	1	1696
85	212	1	1376
85	213	1	544
85	214	1	1472
85	215	1	672
85	216	1	2912
85	217	1	672
85	218	1	1216
85	219	1	352
85	220	1	1632
85	221	1	1632
85	222	1	448
85	223	1	992
85	224	1	128
85	225	1	608
85	226	1	160
85	227	1	1501184
85	228	1	111332
85	229	1	697628
85	230	1	108
85	231	1	6766
85	232	1	48
85	233	1	22096
85	234	1	36
85	235	1	4474
85	236	1	96
85	237	1	1032
85	238	1	708
85	239	1	472
85	240	1	1116
85	241	1	180
85	242	1	96
85	243	1	60
85	244	1	1208
85	245	1	980
85	246	1	488
85	247	1	4572
85	248	1	17728
85	249	1	3486
85	250	1	144
85	251	1	1614
85	252	1	1050
85	253	1	1164
85	254	1	1420
85	255	1	954
85	256	1	1501184
85	257	1	110000
85	258	1	698960
85	259	1	7072
85	260	1	22528
85	261	1	4576
85	262	1	1032
85	263	1	708
85	264	1	472
85	265	1	1116
85	266	1	1208
85	267	1	980
85	268	1	488
85	269	1	4572
85	270	1	17728
85	271	1	3486
85	272	1	1632
85	273	1	1056
85	274	1	1164
85	275	1	1420
85	276	1	954
85	277	1	18
85	278	1	48
85	279	1	6
85	280	1	260
85	281	1	832
85	282	1	130
85	283	1	18
85	284	1	6
85	285	1	212
85	286	1	102
85	287	1	260
85	288	1	832
85	289	1	130
85	290	1	212
85	291	1	102
85	292	1	7834
85	293	1	85062
85	294	1	17392
85	295	1	1021968
85	296	1	4174
85	297	1	76914
85	298	1	25114
85	299	1	20510
85	300	1	92896
85	301	1	1039360
85	302	1	81088
85	303	1	26912
85	304	1	21312
85	305	1	1798
85	306	1	802
85	307	1	2310144
85	308	1	144
85	309	1	11240
85	310	1	36
85	311	1	19644
85	312	1	72
85	313	1	1504
85	314	1	596
85	315	1	900
85	316	1	240
85	317	1	72
85	318	1	1696
85	319	1	828
85	320	1	8058
85	321	1	16024
85	322	1	108
85	323	1	2664
85	324	1	940
85	325	1	2374
85	326	1	2310144
85	327	1	11648
85	328	1	19968
85	329	1	1504
85	330	1	596
85	331	1	900
85	332	1	1696
85	333	1	828
85	334	1	8058
85	335	1	16024
85	336	1	2688
85	337	1	940
85	338	1	2374
85	339	1	24
85	340	1	36
85	341	1	390
85	342	1	680
85	343	1	24
85	344	1	314
85	345	1	390
85	346	1	680
85	347	1	314
85	348	1	12008
85	349	1	301656
85	350	1	14432
85	351	1	817056
85	352	1	78488
85	353	1	313664
85	354	1	831488
85	355	1	81088
85	356	1	2600
85	357	1	12
85	358	1	2452
85	359	1	24
85	360	1	112
85	361	1	216
85	362	1	24
85	363	1	152
85	364	1	1704
85	365	1	36
85	366	1	224
85	367	1	2560
85	368	1	112
85	369	1	216
85	370	1	152
85	371	1	1704
85	372	1	224
85	373	1	12
85	374	1	152
85	375	1	152
85	376	1	2960
85	377	1	32368
85	378	1	35328
85	379	1	1153024
85	380	1	77376
85	381	1	551360
85	382	1	7072
85	383	1	22528
85	384	1	4576
85	385	1	516
85	386	1	5822
85	387	1	296
85	388	1	20384
85	389	1	188
85	390	1	4114
85	391	1	504
85	392	1	604
85	393	1	440
85	394	1	228
85	395	1	1632
85	396	1	1056
85	397	1	552
85	398	1	1526
85	399	1	1018
85	400	1	1153024
85	401	1	75768
85	402	1	552968
85	403	1	7072
85	404	1	22528
85	405	1	4576
85	406	1	7072
85	407	1	22528
85	408	1	4576
85	409	1	1632
85	410	1	1056
85	411	1	1632
85	412	1	1056
85	413	1	130
85	414	1	352
85	415	1	46
85	416	1	106
85	417	1	38
85	418	1	61792
85	419	1	603136
85	420	1	52480
85	421	1	18080
85	422	1	14080
85	423	1	61792
85	424	1	603136
85	425	1	52480
85	426	1	18080
85	427	1	14080
85	428	1	89088
85	429	1	7168
85	430	1	26624
85	431	1	31104
85	432	1	133120
85	433	1	28608
85	434	1	8832
85	435	1	7232
85	436	1	89088
85	437	1	7168
85	438	1	26624
85	439	1	31104
85	440	1	133120
85	441	1	28608
85	442	1	8832
85	443	1	7232
85	444	1	13480
85	445	1	6720
85	446	1	6936
85	447	1	2016
85	448	1	8856
85	449	1	108
85	450	1	2016
85	451	1	180
85	452	1	5256
85	453	1	13480
85	454	1	6720
85	455	1	6936
85	456	1	10314
85	457	1	2160
85	458	1	4806
85	459	1	16896
85	460	1	3840
85	461	1	3584
85	462	1	12544
85	463	1	311296
85	464	1	14676
85	465	1	3504
85	466	1	2924
85	467	1	10160
85	468	1	311296
85	469	1	466
85	470	1	1056
85	471	1	150
85	472	1	362
85	473	1	110
85	474	1	3400
85	475	1	1728
85	476	1	2552
85	477	1	3400
85	478	1	1728
85	479	1	2552
85	480	1	804
85	481	1	336
85	482	1	220
85	483	1	592
85	484	1	346
85	485	1	736
85	486	1	110
85	487	1	242
85	488	1	70
85	489	1	558
85	490	1	144
85	491	1	450
85	492	1	384
85	493	1	1744
85	494	1	48
85	495	1	896
85	496	1	80
85	497	1	1536
85	498	1	192
85	499	1	320
85	500	1	672
85	501	1	512
85	502	1	944
85	503	1	864
85	504	1	1906
85	505	1	864
85	506	1	1536
85	507	1	192
85	508	1	320
85	509	1	672
85	510	1	512
85	511	1	814
85	512	1	864
85	513	1	4232
85	514	1	4480
85	515	1	744
85	516	1	1440
85	517	1	3920
85	518	1	432
85	519	1	4992
85	520	1	224
85	521	1	816
85	522	1	720
85	523	1	1144
85	524	1	152
85	525	1	1552
85	526	1	240
85	527	1	4232
85	528	1	4480
85	529	1	744
85	530	1	5252
85	531	1	5952
85	532	1	1004
85	533	1	1144
85	534	1	152
85	535	1	1516
85	536	1	228
85	537	1	222
85	538	1	160
85	539	1	130
85	540	1	1128
85	541	1	1664
85	542	1	296
85	543	1	408
85	544	1	88
85	545	1	1128
85	546	1	1664
85	547	1	296
85	548	1	408
85	549	1	88
85	550	1	108
85	551	1	192
85	552	1	36
85	553	1	36
85	554	1	12
85	555	1	1781760
85	556	1	11648
85	557	1	19968
85	558	1	704
85	559	1	9936
85	560	1	240
85	561	1	18252
85	562	1	396
85	563	1	832
85	564	1	364
85	565	1	2688
85	566	1	440
85	567	1	2544
85	568	1	1781760
85	569	1	11648
85	570	1	19968
85	571	1	11648
85	572	1	19968
85	573	1	2688
85	574	1	2688
85	575	1	176
85	576	1	276
85	577	1	144
85	578	1	186432
85	579	1	489984
85	580	1	49600
85	581	1	186432
85	582	1	489984
85	583	1	49600
85	584	1	122880
85	585	1	59712
85	586	1	121344
85	587	1	16064
85	588	1	122880
85	589	1	59712
85	590	1	121344
85	591	1	16064
85	592	1	2560
85	593	1	56
85	594	1	2132
85	595	1	108
85	596	1	76
85	597	1	112
85	598	1	2560
85	599	1	2560
85	600	1	76
85	601	1	23552
85	602	1	23552
85	603	1	11776
85	604	1	11776
85	605	1	13768
85	606	1	13368
85	607	1	2304
85	608	1	8964
85	609	1	7164
85	610	1	13768
85	611	1	13368
85	612	1	10710
85	613	1	6570
85	614	1	20480
85	615	1	2752
85	616	1	9024
85	617	1	227328
85	618	1	68352
85	619	1	17600
85	620	1	2504
85	621	1	7252
85	622	1	227328
85	623	1	68352
85	624	1	15616
85	625	1	616
85	626	1	788
85	627	1	472
85	628	1	15616
85	629	1	1088
85	630	1	3520
85	631	1	1000
85	632	1	2908
85	633	1	268
85	634	1	3400
85	635	1	4280
85	636	1	3400
85	637	1	4280
85	638	1	1024
85	639	1	248
85	640	1	436
85	641	1	456
85	642	1	548
85	643	1	312
85	644	1	88
85	645	1	156
85	646	1	188
85	647	1	558
85	648	1	594
85	649	1	512
85	650	1	1792
85	651	1	1792
85	652	1	2048
85	653	1	672
85	654	1	1376
85	655	1	2082
85	656	1	1502
85	657	1	2048
85	658	1	672
85	659	1	1376
85	660	1	4976
85	661	1	3136
85	662	1	1664
85	663	1	4736
85	664	1	300
85	665	1	3552
85	666	1	500
85	667	1	1296
85	668	1	1792
85	669	1	4976
85	670	1	3136
85	671	1	6256
85	672	1	4208
85	673	1	1296
85	674	1	1744
85	675	1	1344
85	676	1	132
85	677	1	1440
85	678	1	220
85	679	1	1344
85	680	1	1744
85	681	1	222
85	682	1	290
85	683	1	1424
85	684	1	1216
85	685	1	496
85	686	1	1424
85	687	1	1216
85	688	1	496
85	689	1	448
85	690	1	448
85	691	1	144
85	692	1	144
85	693	1	48
85	694	1	48
85	695	1	227328
85	696	1	15616
85	697	1	68352
85	698	1	144
85	699	1	4208
85	700	1	48
85	701	1	1744
85	702	1	48
85	703	1	1744
85	704	1	144
85	705	1	6256
85	706	1	1216
85	707	1	496
85	708	1	448
85	709	1	1424
85	710	1	3136
85	711	1	1296
85	712	1	1344
85	713	1	4976
85	714	1	227328
85	715	1	15616
85	716	1	68352
85	717	1	3552
85	718	1	1792
85	719	1	1440
85	720	1	4736
85	721	1	1216
85	722	1	496
85	723	1	448
85	724	1	1424
85	725	1	3136
85	726	1	1296
85	727	1	1344
85	728	1	4976
85	729	1	220
85	730	1	1664
85	731	1	132
85	732	1	121344
85	733	1	16064
85	734	1	59712
85	735	1	11776
85	736	1	121344
85	737	1	16064
85	738	1	59712
85	739	1	11776
85	740	1	489984
85	741	1	49600
85	742	1	186432
85	743	1	1781760
85	744	1	489984
85	745	1	49600
85	746	1	186432
85	747	1	1781760
85	748	1	500
85	749	1	300
85	750	1	548
85	751	1	7252
85	752	1	312
85	753	1	17600
85	754	1	188
85	755	1	2908
85	756	1	436
85	757	1	1024
85	758	1	156
85	759	1	456
85	760	1	248
85	761	1	2504
85	762	1	88
85	763	1	1000
85	764	1	9024
85	765	1	20480
85	766	1	3520
85	767	1	2752
85	768	1	1088
85	769	1	122880
85	770	1	122880
85	771	1	594
85	772	1	6570
85	773	1	558
85	774	1	10710
85	775	1	4280
85	776	1	3400
85	777	1	13368
85	778	1	13768
85	779	1	1376
85	780	1	672
85	781	1	290
85	782	1	1502
85	783	1	222
85	784	1	2082
85	785	1	2048
85	786	1	7164
85	787	1	8964
85	788	1	4280
85	789	1	3400
85	790	1	13368
85	791	1	13768
85	792	1	1376
85	793	1	672
85	794	1	1792
85	795	1	1792
85	796	1	2048
85	797	1	23552
85	798	1	23552
85	799	1	2304
85	800	1	512
85	801	1	788
85	802	1	472
85	803	1	268
85	804	1	616
85	805	1	19968
85	806	1	2688
85	807	1	11648
85	808	1	19968
85	809	1	2688
85	810	1	11648
85	811	1	18252
85	812	1	2544
85	813	1	9936
85	814	1	19968
85	815	1	2688
85	816	1	11648
85	817	1	2560
85	818	1	2560
85	819	1	2132
85	820	1	2560
85	821	1	440
85	822	1	832
85	823	1	112
85	824	1	364
85	825	1	76
85	826	1	276
85	827	1	144
85	828	1	76
85	829	1	396
85	830	1	704
85	831	1	108
85	832	1	176
85	833	1	240
85	834	1	56
85	835	1	311296
85	836	1	192
85	837	1	5952
85	838	1	36
85	839	1	1516
85	840	1	108
85	841	1	5252
85	842	1	1664
85	843	1	408
85	844	1	1128
85	845	1	4480
85	846	1	1144
85	847	1	4232
85	848	1	311296
85	849	1	4992
85	850	1	1552
85	851	1	3920
85	852	1	1664
85	853	1	408
85	854	1	1128
85	855	1	4480
85	856	1	1144
85	857	1	4232
85	858	1	720
85	859	1	1440
85	860	1	432
85	861	1	133120
85	862	1	7232
85	863	1	28608
85	864	1	8832
85	865	1	31104
85	866	1	133120
85	867	1	7232
85	868	1	28608
85	869	1	8832
85	870	1	31104
85	871	1	603136
85	872	1	552968
85	873	1	1153024
85	874	1	75768
85	875	1	603136
85	876	1	551360
85	877	1	1153024
85	878	1	77376
85	879	1	14080
85	880	1	52480
85	881	1	14080
85	882	1	52480
85	883	1	12
85	884	1	228
85	885	1	36
85	886	1	1004
85	887	1	88
85	888	1	296
85	889	1	152
85	890	1	744
85	891	1	240
85	892	1	816
85	893	1	88
85	894	1	296
85	895	1	152
85	896	1	744
85	897	1	736
85	898	1	10160
85	899	1	242
85	900	1	14676
85	901	1	592
85	902	1	804
85	903	1	346
85	904	1	336
85	905	1	3504
85	906	1	12544
85	907	1	16896
85	908	1	3840
85	909	1	26624
85	910	1	89088
85	911	1	7168
85	912	1	26624
85	913	1	89088
85	914	1	7168
85	915	1	70
85	916	1	2924
85	917	1	220
85	918	1	110
85	919	1	224
85	920	1	3584
85	921	1	450
85	922	1	4806
85	923	1	558
85	924	1	10314
85	925	1	2552
85	926	1	3400
85	927	1	6936
85	928	1	13480
85	929	1	6720
85	930	1	1728
85	931	1	864
85	932	1	672
85	933	1	130
85	934	1	814
85	935	1	222
85	936	1	1906
85	937	1	1536
85	938	1	5256
85	939	1	8856
85	940	1	2552
85	941	1	3400
85	942	1	6936
85	943	1	13480
85	944	1	6720
85	945	1	1728
85	946	1	864
85	947	1	672
85	948	1	944
85	949	1	1744
85	950	1	1536
85	951	1	18080
85	952	1	61792
85	953	1	18080
85	954	1	61792
85	955	1	144
85	956	1	2160
85	957	1	512
85	958	1	160
85	959	1	864
85	960	1	320
85	961	1	192
85	962	1	2016
85	963	1	512
85	964	1	896
85	965	1	320
85	966	1	192
85	967	1	2016
85	968	1	384
85	969	1	180
85	970	1	108
85	971	1	80
85	972	1	48
85	973	1	1056
85	974	1	362
85	975	1	466
85	976	1	110
85	977	1	150
85	978	1	22528
85	979	1	1056
85	980	1	4576
85	981	1	22528
85	982	1	1056
85	983	1	4576
85	984	1	20384
85	985	1	1018
85	986	1	4114
85	987	1	22528
85	988	1	1056
85	989	1	4576
85	990	1	1632
85	991	1	7072
85	992	1	1632
85	993	1	7072
85	994	1	1526
85	995	1	5822
85	996	1	1632
85	997	1	7072
85	998	1	552
85	999	1	604
85	1000	1	440
85	1001	1	228
85	1002	1	352
85	1003	1	106
85	1004	1	504
85	1005	1	516
85	1006	1	130
85	1007	1	296
85	1008	1	38
85	1009	1	188
85	1010	1	46
85	1011	1	831488
85	1012	1	81088
85	1013	1	313664
85	1014	1	2310144
85	1015	1	817056
85	1016	1	78488
85	1017	1	301656
85	1018	1	2310144
85	1019	1	35328
85	1020	1	32368
85	1021	1	2960
85	1022	1	2600
85	1023	1	12008
85	1024	1	14432
85	1025	1	16024
85	1026	1	2374
85	1027	1	8058
85	1028	1	19968
85	1029	1	2688
85	1030	1	11648
85	1031	1	16024
85	1032	1	2374
85	1033	1	8058
85	1034	1	19644
85	1035	1	2664
85	1036	1	11240
85	1037	1	1704
85	1038	1	2560
85	1039	1	1704
85	1040	1	2452
85	1041	1	940
85	1042	1	1696
85	1043	1	224
85	1044	1	828
85	1045	1	152
85	1046	1	940
85	1047	1	1696
85	1048	1	224
85	1049	1	828
85	1050	1	152
85	1051	1	680
85	1052	1	314
85	1053	1	900
85	1054	1	1504
85	1055	1	390
85	1056	1	596
85	1057	1	680
85	1058	1	314
85	1059	1	900
85	1060	1	1504
85	1061	1	390
85	1062	1	596
85	1063	1	108
85	1064	1	240
85	1065	1	36
85	1066	1	72
85	1067	1	24
85	1068	1	152
85	1069	1	216
85	1070	1	112
85	1071	1	152
85	1072	1	216
85	1073	1	112
85	1074	1	36
85	1075	1	24
85	1076	1	12
85	1077	1	72
85	1078	1	144
85	1079	1	24
85	1080	1	24
85	1081	1	36
85	1082	1	12
85	1083	1	1039360
85	1084	1	698960
85	1085	1	1501184
85	1086	1	110000
85	1087	1	1021968
85	1088	1	697628
85	1089	1	1501184
85	1090	1	111332
85	1091	1	21312
85	1092	1	81088
85	1093	1	26912
85	1094	1	92896
85	1095	1	20510
85	1096	1	76914
85	1097	1	25114
85	1098	1	85062
85	1099	1	17392
85	1100	1	1798
85	1101	1	7834
85	1102	1	802
85	1103	1	4174
85	1104	1	17728
85	1105	1	954
85	1106	1	3486
85	1107	1	22528
85	1108	1	1056
85	1109	1	4576
85	1110	1	17728
85	1111	1	954
85	1112	1	3486
85	1113	1	22096
85	1114	1	1050
85	1115	1	4474
85	1116	1	1420
85	1117	1	4572
85	1118	1	1632
85	1119	1	7072
85	1120	1	1420
85	1121	1	4572
85	1122	1	1614
85	1123	1	6766
85	1124	1	1164
85	1125	1	1208
85	1126	1	980
85	1127	1	1164
85	1128	1	1208
85	1129	1	980
85	1130	1	488
85	1131	1	488
85	1132	1	832
85	1133	1	102
85	1134	1	1116
85	1135	1	472
85	1136	1	130
85	1137	1	708
85	1138	1	832
85	1139	1	102
85	1140	1	1116
85	1141	1	472
85	1142	1	130
85	1143	1	708
85	1144	1	144
85	1145	1	180
85	1146	1	96
85	1147	1	60
85	1148	1	212
85	1149	1	1032
85	1150	1	260
85	1151	1	212
85	1152	1	1032
85	1153	1	260
85	1154	1	48
85	1155	1	18
85	1156	1	96
85	1157	1	108
85	1158	1	18
85	1159	1	48
85	1160	1	6
85	1161	1	36
85	1162	1	6
85	1163	1	454656
85	1164	1	25856
85	1165	1	142080
85	1166	1	7072
85	1167	1	16384
85	1168	1	2912
85	1169	1	1632
85	1170	1	992
85	1171	1	608
85	1172	1	1632
85	1173	1	1696
85	1174	1	1376
85	1175	1	672
85	1176	1	3296
85	1177	1	9536
85	1178	1	1472
85	1179	1	1632
85	1180	1	672
85	1181	1	1632
85	1182	1	1280
85	1183	1	544
85	1184	1	242688
85	1185	1	30352
85	1186	1	121200
85	1187	1	23552
85	1188	1	448
85	1189	1	1216
85	1190	1	160
85	1191	1	352
85	1192	1	128
85	1193	1	979968
85	1194	1	88800
85	1195	1	383264
85	1196	1	3563520
85	1197	1	18048
85	1198	1	40960
85	1199	1	7040
85	1200	1	5504
85	1201	1	2176
85	1202	1	245760
85	1203	1	36864
85	1204	1	7904
85	1205	1	4640
85	1206	1	8800
85	1207	1	41216
85	1208	1	4256
85	1209	1	8192
85	1210	1	8192
85	1211	1	47104
85	1212	1	2816
85	1213	1	29440
85	1214	1	27648
85	1215	1	18816
85	1216	1	4800
85	1217	1	8000
85	1218	1	11456
85	1219	1	15872
85	1220	1	9584
85	1221	1	9664
85	1222	1	3976
85	1223	1	2176
85	1224	1	1984
85	1225	1	904
85	1226	1	960
85	1227	1	672
85	1228	1	1024
85	1229	1	184
85	1230	1	240
85	1231	1	56
85	1232	1	622592
85	1233	1	9984
85	1234	1	13824
85	1235	1	2240
85	1236	1	816
85	1237	1	1296
85	1238	1	2368
85	1239	1	1168
85	1240	1	4768
85	1241	1	8256
85	1242	1	2304
85	1243	1	1328
85	1244	1	1824
85	1245	1	266240
85	1246	1	13504
85	1247	1	58176
85	1248	1	16848
85	1249	1	63024
85	1250	1	608
85	1251	1	960
85	1252	1	480
85	1253	1	1206272
85	1254	1	990264
85	1255	1	2306048
85	1256	1	267208
85	1257	1	27520
85	1258	1	105600
85	1259	1	2560
85	1260	1	176
85	1261	1	336
85	1262	1	208
85	1263	1	1280
85	1264	1	304
85	1265	1	256
85	1266	1	25088
85	1267	1	33792
85	1268	1	7680
85	1269	1	52672
85	1270	1	178176
85	1271	1	14912
85	1272	1	7168
85	1273	1	32256
85	1274	1	4928
85	1275	1	4640
85	1276	1	6784
85	1277	1	29792
85	1278	1	4256
85	1279	1	10032
85	1280	1	2976
85	1281	1	6144
85	1282	1	6144
85	1283	1	35712
85	1284	1	124032
85	1285	1	2336
85	1286	1	240
85	1287	1	1392
85	1288	1	240
85	1289	1	3744
85	1290	1	2016
85	1291	1	864
85	1292	1	1664
85	1293	1	1664
85	1294	1	384
85	1295	1	384
85	1296	1	33416
85	1297	1	10992
85	1298	1	20992
85	1299	1	1968
85	1300	1	3280
85	1301	1	13440
85	1302	1	6016
85	1303	1	10488
85	1304	1	10624
85	1305	1	16656
85	1306	1	2832
85	1307	1	4720
85	1308	1	9856
85	1309	1	856
85	1310	1	752
85	1311	1	296
85	1312	1	272
85	1313	1	1622452
85	1314	1	139642
85	1315	1	615278
85	1316	1	4620288
85	1317	1	64964
85	1318	1	18974
85	1319	1	19128
85	1320	1	1348
85	1321	1	2438
85	1322	1	1146
85	1323	1	9224
85	1324	1	6830
85	1325	1	3794
85	1326	1	610
85	1327	1	1586
85	1328	1	1002
85	1329	1	5828
85	1330	1	5478
85	1331	1	3414
85	1332	1	26980
85	1333	1	24256
85	1334	1	30164
85	1335	1	28480
85	1336	1	8604
85	1337	1	9628
85	1338	1	3424
85	1339	1	4124
85	1340	1	736
85	1341	1	948
85	1342	1	3132
85	1343	1	4416
85	1344	1	1220
85	1345	1	736
85	1346	1	224
85	1347	1	108
85	1348	1	192
85	1349	1	36
85	1350	1	36
85	1351	1	12
85	1352	1	2032504
85	1353	1	1276344
85	1354	1	3002368
85	1355	1	341576
85	1356	1	39908
85	1357	1	149080
85	1358	1	50854
85	1359	1	169990
85	1360	1	20560
85	1361	1	10756
85	1362	1	7176
85	1363	1	1706
85	1364	1	6624
85	1365	1	6052
85	1366	1	7832
85	1367	1	2642
85	1368	1	4024
85	1369	1	8372
85	1370	1	732
85	1371	1	3172
85	1372	1	1152
85	1373	1	30404
85	1374	1	9856
85	1375	1	34288
85	1376	1	11216
85	1377	1	9340
85	1378	1	10576
85	1379	1	14400
85	1380	1	17264
85	1381	1	3868
85	1382	1	1408
85	1383	1	1444
85	1384	1	3008
85	1385	1	144
85	1386	1	144
85	1387	1	48
85	1388	1	48
85	1389	2	10448
85	1390	2	132912
85	1391	2	4932
85	1392	2	15716
85	1393	2	5680
85	1394	2	164304
85	1395	2	13116
85	1396	2	750620
85	1397	2	16128
85	1398	2	324864
85	1399	2	4386
85	1400	2	14470
85	1401	2	11054
85	1402	2	688938
85	1403	2	546
85	1404	2	1246
85	1405	2	2062
85	1406	2	34034
85	1407	2	125456
85	1408	2	768000
85	1409	2	150072
85	1410	2	17904
85	1411	2	19912
85	1412	2	248832
85	1413	2	24272
85	1414	2	120112
85	1415	2	86016
85	1416	2	14336
85	1417	2	12288
85	1418	2	51200
85	1419	2	300312
85	1420	2	704512
85	1421	2	38632
85	1422	2	393216
85	1423	2	37888
85	1424	2	98304
85	1425	2	9792
85	1426	2	35264
85	1427	2	4544
85	1428	2	15936
85	1429	2	6004
85	1430	2	50028
85	1431	2	14128
85	1432	2	378064
85	1433	2	3798
85	1434	2	64810
85	1435	2	14180
85	1436	2	15798
85	1437	2	56032
85	1438	2	392192
85	1439	2	68608
85	1440	2	15648
85	1441	2	16384
85	1442	2	1468
85	1443	2	586
85	1444	2	9802
85	1445	2	127606
85	1446	2	12144
85	1447	2	347280
85	1448	2	31034
85	1449	2	137408
85	1450	2	359424
85	1451	2	33088
85	1452	2	2054
85	1453	2	1984
85	1454	2	16960
85	1455	2	18944
85	1456	2	56032
85	1457	2	384000
85	1458	2	68608
85	1459	2	15648
85	1460	2	16384
85	1461	2	56032
85	1462	2	384000
85	1463	2	68608
85	1464	2	15648
85	1465	2	16384
85	1466	2	124416
85	1467	2	2944
85	1468	2	69248
85	1469	2	124416
85	1470	2	2656
85	1471	2	69536
85	1472	2	43008
85	1473	2	30720
85	1474	2	6144
85	1475	2	2048
85	1476	2	37014
85	1477	2	28864
85	1478	2	4994
85	1479	2	1770
85	1480	2	318
85	1481	2	3346
85	1482	2	3904
85	1483	2	662
85	1484	2	878
85	1485	2	170
85	1486	2	136576
85	1487	2	352256
85	1488	2	32896
85	1489	2	136576
85	1490	2	352256
85	1491	2	32896
85	1492	2	196608
85	1493	2	196608
85	1494	2	18944
85	1495	2	18944
85	1496	2	49152
85	1497	2	21176
85	1498	2	1352
85	1499	2	42008
85	1500	2	19744
85	1501	2	2088
85	1502	2	9544
85	1503	2	696
85	1504	2	9120
85	1505	2	4008
85	1506	2	2784
85	1507	2	1048
85	1508	2	1120
85	1509	2	2784
85	1510	2	19744
85	1511	2	1048
85	1512	2	2088
85	1513	2	1120
85	1514	2	9120
85	1515	2	4008
85	1516	2	42008
85	1517	2	21176
85	1518	2	49152
85	1519	2	9544
85	1520	2	1352
85	1521	2	696
85	1522	2	196608
85	1523	2	196608
85	1524	2	352256
85	1525	2	136576
85	1526	2	352256
85	1527	2	136576
85	1528	2	32896
85	1529	2	18944
85	1530	2	32896
85	1531	2	18944
85	1532	2	3904
85	1533	2	28864
85	1534	2	878
85	1535	2	1770
85	1536	2	3346
85	1537	2	37014
85	1538	2	30720
85	1539	2	43008
85	1540	2	2048
85	1541	2	69536
85	1542	2	124416
85	1543	2	2656
85	1544	2	69248
85	1545	2	124416
85	1546	2	2944
85	1547	2	384000
85	1548	2	384000
85	1549	2	16384
85	1550	2	68608
85	1551	2	15648
85	1552	2	56032
85	1553	2	16384
85	1554	2	68608
85	1555	2	15648
85	1556	2	56032
85	1557	2	170
85	1558	2	318
85	1559	2	662
85	1560	2	4994
85	1561	2	6144
85	1562	2	359424
85	1563	2	137408
85	1564	2	347280
85	1565	2	127606
85	1566	2	33088
85	1567	2	18944
85	1568	2	31034
85	1569	2	16960
85	1570	2	1984
85	1571	2	2054
85	1572	2	9802
85	1573	2	12144
85	1574	2	392192
85	1575	2	378064
85	1576	2	16384
85	1577	2	68608
85	1578	2	15648
85	1579	2	56032
85	1580	2	15798
85	1581	2	64810
85	1582	2	14128
85	1583	2	14180
85	1584	2	1468
85	1585	2	50028
85	1586	2	6004
85	1587	2	586
85	1588	2	3798
85	1589	2	35264
85	1590	2	98304
85	1591	2	15936
85	1592	2	9792
85	1593	2	4544
85	1594	2	393216
85	1595	2	704512
85	1596	2	300312
85	1597	2	38632
85	1598	2	37888
85	1599	2	51200
85	1600	2	86016
85	1601	2	14336
85	1602	2	120112
85	1603	2	248832
85	1604	2	24272
85	1605	2	768000
85	1606	2	19912
85	1607	2	150072
85	1608	2	125456
85	1609	2	17904
85	1610	2	12288
85	1611	2	688938
85	1612	2	324864
85	1613	2	34034
85	1614	2	2062
85	1615	2	16128
85	1616	2	14470
85	1617	2	546
85	1618	2	1246
85	1619	2	11054
85	1620	2	4386
85	1621	2	750620
85	1622	2	164304
85	1623	2	13116
85	1624	2	132912
85	1625	2	10448
85	1626	2	15716
85	1627	2	4932
85	1628	2	5680
86	1	1	79744
86	2	1	63616
86	3	1	168704
86	4	1	17536
86	5	1	168704
86	6	1	17536
86	7	1	79744
86	8	1	63616
86	9	4	118784
86	10	4	75904
86	11	4	75904
86	12	4	118784
88	1	1	10
88	2	1	10
88	3	1	10
88	4	1	4
88	5	1	1
88	6	1	1
88	7	1	10
88	8	1	4
88	9	1	1
88	10	1	1
88	11	1	1
88	12	1	1
88	13	1	1
88	14	1	1
88	15	4	8
95	1	1	358
95	2	1	138
95	3	1	4
95	4	1	4
95	5	1	4
95	6	1	4
95	7	1	358
95	8	1	4
95	9	1	138
95	10	1	4
95	11	1	4
95	12	1	4
99	1	1	200
99	2	1	1720
99	3	1	2352
99	4	1	7792
99	5	1	1888
99	6	1	4016
99	7	1	6200
99	8	1	2392
99	9	1	5616
99	10	1	1496
99	11	1	1816
99	12	1	2616
99	13	1	64
99	14	1	1744
99	15	1	64
99	16	1	1816
99	17	1	2392
99	18	1	5616
99	19	1	1744
99	20	1	6200
99	21	1	7792
99	22	1	2616
99	23	1	1496
99	24	1	4016
99	25	1	1720
99	26	1	2352
99	27	1	64
99	28	1	1888
99	29	1	64
99	30	1	200
99	31	1	288
99	32	1	3872
99	33	1	9328
99	34	1	11272
99	35	1	5920
99	36	1	3016
99	37	1	64
99	38	1	3744
99	39	1	64
99	40	1	3536
99	41	1	4744
99	42	1	13992
99	43	1	13992
99	44	1	4744
99	45	1	3536
99	46	1	3536
99	47	1	4744
99	48	1	13992
99	49	1	13992
99	50	1	4744
99	51	1	3536
99	52	1	11272
99	53	1	3744
99	54	1	5920
99	55	1	3016
99	56	1	9328
99	57	1	64
99	58	1	3872
99	59	1	64
99	60	1	288
99	61	1	200
99	62	1	1720
99	63	1	2352
99	64	1	7792
99	65	1	1888
99	66	1	4016
99	67	1	6200
99	68	1	2392
99	69	1	5616
99	70	1	1496
99	71	1	1816
99	72	1	2616
99	73	1	64
99	74	1	1744
99	75	1	64
99	76	1	1816
99	77	1	2392
99	78	1	5616
99	79	1	1744
99	80	1	6200
99	81	1	7792
99	82	1	2616
99	83	1	1496
99	84	1	4016
99	85	1	1720
99	86	1	2352
99	87	1	64
99	88	1	1888
99	89	1	64
99	90	1	200
99	91	3	2400
99	92	3	7208
99	93	3	5456
99	94	3	7208
99	95	3	2400
99	96	3	5456
99	97	3	3808
99	98	3	13552
99	99	3	10608
99	100	3	13552
99	101	3	3808
99	102	3	10608
99	103	3	2400
99	104	3	7208
99	105	3	5456
99	106	3	7208
99	107	3	2400
99	108	3	5456
99	109	9	5240
99	110	9	5256
99	111	9	5256
99	112	9	5240
99	113	9	10496
99	114	9	10496
99	115	9	10496
99	116	9	10496
99	117	9	5240
99	118	9	5256
99	119	9	5256
99	120	9	5240
100	1	1	57344
100	2	1	114688
100	3	1	57344
100	4	1	8192
100	5	1	16384
100	6	1	8192
100	7	1	57344
100	8	1	8192
100	9	1	172032
100	10	1	24576
100	11	1	262144
100	12	1	32768
100	13	1	16384
100	14	1	16384
100	15	1	98304
100	16	1	49152
100	17	1	49152
100	18	1	49152
100	19	1	98304
100	20	1	49152
100	21	1	16384
100	22	1	32768
100	23	1	16384
100	24	1	262144
100	25	1	172032
100	26	1	24576
100	27	1	57344
100	28	1	8192
100	29	1	114688
100	30	1	57344
100	31	1	57344
100	32	1	16384
100	33	1	8192
100	34	1	8192
109	1	1	2
109	2	1	1
109	3	1	1
109	4	1	2
109	5	4	26
110	1	1	256
110	2	1	256
133	1	1	64
133	2	1	64
133	3	1	28
133	4	1	4
133	5	1	32
133	6	1	28
133	7	1	4
133	8	1	32
133	9	1	56
133	10	1	64
133	11	1	32
133	12	1	28
133	13	1	32
133	14	1	28
133	15	1	8
133	16	1	4
133	17	1	4
133	18	1	28
133	19	1	4
133	20	1	32
133	21	1	28
133	22	1	4
133	23	1	32
133	24	1	64
133	25	1	56
133	26	1	8
133	27	1	32
133	28	1	28
133	29	1	32
133	30	1	28
133	31	1	64
133	32	1	64
133	33	1	4
133	34	1	4
200	1	1	22407192
200	2	1	3351120
200	3	1	985192
200	4	1	549572
200	5	1	119336
200	6	1	34308
200	7	1	10240
200	8	1	420
200	9	1	280
200	10	1	60
200	11	1	40
200	12	1	320640
200	13	1	489088
200	14	1	100408
200	15	1	130672
200	16	1	7612
200	17	1	5652
200	18	1	1804
200	19	1	1916
200	20	1	107264
200	21	1	1848
200	22	1	7216
200	23	1	80
200	24	1	140
200	25	1	80
200	26	1	140
200	27	1	465664
200	28	1	440832
200	29	1	1950800
200	30	1	268800
200	31	1	1136640
200	32	1	97776
200	33	1	19104
200	34	1	15632
200	35	1	4592
200	36	1	4676
200	37	1	115616
200	38	1	66656
200	39	1	5596
200	40	1	964
200	41	1	5796
200	42	1	956
200	43	1	384
200	44	1	1436
200	45	1	128
200	46	1	22407192
200	47	1	1950800
200	48	1	1136640
200	49	1	440832
200	50	1	268800
200	51	1	97776
200	52	1	320640
200	53	1	489088
200	54	1	7216
200	55	1	4676
200	56	1	1436
200	57	1	115616
200	58	1	66656
200	59	1	19104
200	60	1	15632
200	61	1	4592
200	62	1	5796
200	63	1	5596
200	64	1	956
200	65	1	964
200	66	1	384
200	67	1	128
200	68	1	549572
200	69	1	34308
200	70	1	140
200	71	1	80
200	72	1	140
200	73	1	80
200	74	1	465664
200	75	1	1848
200	76	1	107264
200	77	1	130672
200	78	1	100408
200	79	1	5652
200	80	1	7612
200	81	1	1916
200	82	1	1804
200	83	1	10240
200	84	1	3351120
200	85	1	119336
200	86	1	985192
200	87	1	420
200	88	1	280
200	89	1	60
200	90	1	40
200	91	2	45816
200	92	2	274248
200	93	2	274248
200	94	2	45816
208	1	1	520
208	2	1	376
208	3	1	1728
208	4	1	952
208	5	1	1096
208	6	1	2104
208	7	1	240
208	8	1	424
208	9	1	1104
208	10	1	40
208	11	1	24
208	12	1	1032
208	13	1	1768
208	14	1	2104
208	15	1	1768
208	16	1	224
208	17	1	192
208	18	1	40
208	19	1	56
208	20	1	76
208	21	1	240
208	22	1	952
208	23	1	360
208	24	1	1728
208	25	1	360
208	26	1	520
208	27	1	224
208	28	1	24
208	29	1	440
208	30	1	160
208	31	1	24
208	32	1	76
208	33	1	76
208	34	1	76
208	35	1	440
208	36	1	1104
208	37	1	1032
208	38	1	24
208	39	1	40
208	40	1	424
208	41	1	1096
208	42	1	160
208	43	1	24
208	44	1	40
208	45	1	56
208	46	1	376
208	47	1	192
208	48	1	24
208	49	1	40
208	50	1	24
208	51	1	40
208	52	1	56
208	53	1	76
208	54	1	24
208	55	1	24
208	56	1	76
208	57	1	76
208	58	1	76
208	59	1	24
208	60	1	40
208	61	1	24
208	62	1	40
208	63	1	56
208	64	1	24
208	65	6	2104
208	66	6	840
208	67	6	840
208	68	6	2104
212	1	1	1084
212	2	1	64
212	3	1	169
212	4	1	635
212	5	1	20
212	6	1	148
212	7	1	200
212	8	1	28
212	9	1	131
212	10	1	461
212	11	1	511
212	12	1	192
212	13	1	373
212	14	1	40
212	15	1	104
212	16	1	20
212	17	1	5393
212	18	1	700
212	19	1	1079
212	20	1	80
212	21	1	197
212	22	1	20
212	23	1	188
212	24	1	192
212	25	1	88
212	26	1	135
212	27	1	4
212	28	1	8
212	29	1	4
212	30	1	2007
212	31	1	184
212	32	1	897
212	33	1	92
212	34	1	116
212	35	1	20
212	36	1	4
212	37	1	8
212	38	1	4
212	39	1	2007
212	40	1	116
212	41	1	20
212	42	1	92
212	43	1	897
212	44	1	184
212	45	1	8
212	46	1	4
212	47	1	4
212	48	1	5393
212	49	1	1079
212	50	1	135
212	51	1	197
212	52	1	700
212	53	1	88
212	54	1	80
212	55	1	192
212	56	1	188
212	57	1	20
212	58	1	8
212	59	1	4
212	60	1	4
212	61	1	511
212	62	1	104
212	63	1	20
212	64	1	40
212	65	1	373
212	66	1	192
212	67	1	635
212	68	1	461
212	69	1	131
212	70	1	1084
212	71	1	169
212	72	1	28
212	73	1	64
212	74	1	200
212	75	1	148
212	76	1	20
212	77	2	664
212	78	2	160
212	79	2	1228
212	80	2	104
212	81	2	588
212	82	2	144
212	83	2	588
212	84	2	144
212	85	2	104
212	86	2	1228
212	87	2	664
212	88	2	160
212	89	6	560
212	90	6	3868
212	91	6	5724
212	92	6	4128
212	93	6	4128
212	94	6	5724
212	95	6	3868
212	96	6	560
